terreno,semilla,objetivo,algoritmo,coste,d,generados,expandidos,frontera_max,b_estrella,tiempo
base,2000,"(23, 9)",UCS,2179.1066979955913,77,12172,8680,279,1.0945890003817071,0.18436159985139966
base,2000,"(23, 9)",A* (h1),2179.1066979955913,77,3798,1742,548,1.0752441049068149,0.04139439994469285
base,2000,"(23, 9)",A* (h2),2179.1066979955913,77,2673,1174,879,1.0693120171985138,0.028375699883326888
base,2000,"(2, 73)",UCS,1395.4105185043195,52,7226,5023,274,1.1393856052565339,0.10774110001511872
base,2000,"(2, 73)",A* (h1),1395.4105185043195,52,1201,620,239,1.0933059768414,0.01415359997190535
base,2000,"(2, 73)",A* (h2),1395.4105185043195,52,914,388,397,1.08612049641662,0.009203100111335516
base,2000,"(19, 91)",UCS,928.5972361704439,35,4188,2727,236,1.2067251968251034,0.059605699963867664
base,2000,"(19, 91)",A* (h1),928.5972361704439,35,431,208,149,1.115189526884215,0.0046980001498013735
base,2000,"(19, 91)",A* (h2),928.5972361704439,35,333,149,143,1.1044899374044461,0.0034286000300198793
base,2000,"(46, 65)",UCS,583.6291474316088,21,2075,1329,177,1.3490305594108523,0.03185409982688725
base,2000,"(46, 65)",A* (h1),583.6291474316088,21,309,147,126,1.2095803841043082,0.003491699928417802
base,2000,"(46, 65)",A* (h2),583.6291474316088,21,318,125,123,1.211676183686011,0.0030724999960511923
base,2000,"(57, 14)",UCS,1800.8878882240012,72,9898,7062,279,1.0989508444934897,0.16095250006765127
base,2000,"(57, 14)",A* (h1),1800.8878882240012,72,1395,743,301,1.063516667343991,0.018774700118228793
base,2000,"(57, 14)",A* (h2),1800.8878882240012,72,941,471,235,1.056110525132909,0.012380799977108836
base,2000,"(50, 42)",UCS,1118.0922984659694,44,5431,3625,236,1.162750551991126,0.0905152999330312
base,2000,"(50, 42)",A* (h1),1118.0922984659694,44,687,358,179,1.0985565630617615,0.009767699986696243
base,2000,"(50, 42)",A* (h2),1118.0922984659694,44,531,252,153,1.0903133515647574,0.006640699924901128
base,2000,"(17, 54)",UCS,1650.967079984652,44,8994,6415,279,1.1782198906607486,0.1525253001600504
base,2000,"(17, 54)",A* (h1),1650.967079984652,44,3941,2002,338,1.1529077113282242,0.05219969991594553
base,2000,"(17, 54)",A* (h2),1650.967079984652,44,3587,1814,297,1.1500156987555337,0.04125280003063381
base,2000,"(65, 10)",UCS,2014.3636767694202,76,11093,7917,279,1.0945494378256853,0.1688280999660492
base,2000,"(65, 10)",A* (h1),2014.3636767694202,76,3093,1613,446,1.0729783539770326,0.03723160014487803
base,2000,"(65, 10)",A* (h2),2014.3636767694202,76,2517,1205,511,1.0694367924137498,0.028772399993613362
base,2001,"(48, 7)",UCS,1873.173991139487,67,10674,7304,321,1.1094757562061088,0.16704159998334944
base,2001,"(48, 7)",A* (h1),1873.173991139487,67,2262,1214,344,1.0794148528963363,0.029524800134822726
base,2001,"(48, 7)",A* (h2),1873.173991139487,67,1894,872,655,1.075906434180924,0.0210746000520885
base,2001,"(47, 59)",UCS,754.1304342819426,25,3552,2368,236,1.3090547187495885,0.05349510000087321
base,2001,"(47, 59)",A* (h1),754.1304342819426,25,543,211,180,1.197394626953483,0.005148799857124686
base,2001,"(47, 59)",A* (h2),754.1304342819426,25,325,142,118,1.1668160556022542,0.003328900085762143
base,2001,"(2, 18)",UCS,1673.7624017988915,56,8972,6228,238,1.132246370668606,0.13729629991576076
base,2001,"(2, 18)",A* (h1),1673.7624017988915,56,2449,1330,288,1.1017238682099,0.029524399898946285
base,2001,"(2, 18)",A* (h2),1673.7624017988915,56,2296,1171,302,1.1001910476439782,0.0264035000000149
base,2001,"(96, 0)",UCS,2528.58271765128,74,13590,9595,334,1.1011505154850572,0.21192350005730987
base,2001,"(96, 0)",A* (h1),2528.58271765128,74,1191,378,591,1.058391045739481,0.009635899914428592
base,2001,"(96, 0)",A* (h2),2528.58271765128,74,722,198,431,1.049119311513226,0.005045599769800901
base,2001,"(42, 20)",UCS,1502.2932511961023,54,7788,5496,236,1.1348544116096342,0.12693729996681213
base,2001,"(42, 20)",A* (h1),1502.2932511961023,54,1613,845,268,1.0961805448131452,0.021756300004199147
base,2001,"(42, 20)",A* (h2),1502.2932511961023,54,1378,641,445,1.0922442772198175,0.016347400145605206
base,2001,"(1, 99)",UCS,817.9712034801842,26,3913,2632,236,1.2991461263469488,0.061820399947464466
base,2001,"(1, 99)",A* (h1),817.9712034801842,26,487,180,217,1.1809149939609567,0.004450399894267321
base,2001,"(1, 99)",A* (h2),817.9712034801842,26,320,111,159,1.1569468261723106,0.0027526000048965216
base,2001,"(20, 25)",UCS,1481.6172788252047,49,7647,5408,236,1.1515673399099888,0.12105159997008741
base,2001,"(20, 25)",A* (h1),1481.6172788252047,49,2616,1447,277,1.1223613813054685,0.03270350000821054
base,2001,"(20, 25)",A* (h2),1481.6172788252047,49,2447,1288,283,1.120531769240896,0.029758399818092585
base,2001,"(22, 16)",UCS,1822.0469537088495,59,10190,6990,304,1.1268413098937078,0.15345960017293692
base,2001,"(22, 16)",A* (h1),1822.0469537088495,59,3853,2204,310,1.1053249985305578,0.050272899912670255
base,2001,"(22, 16)",A* (h2),1822.0469537088495,59,3638,1973,324,1.1040460452289733,0.04585390002466738
base,2002,"(14, 41)",UCS,858.9968659840006,31,2247,1401,139,1.2127180132364077,0.030860199825838208
base,2002,"(14, 41)",A* (h1),858.9968659840006,31,590,288,167,1.151028647545048,0.006672699935734272
base,2002,"(14, 41)",A* (h2),858.9968659840006,31,492,200,209,1.1425579486073358,0.004734300076961517
base,2002,"(88, 92)",UCS,2932.06361715651,85,14594,9346,299,1.0866012635548912,0.20774880005046725
base,2002,"(88, 92)",A* (h1),2932.06361715651,85,4845,1890,799,1.0701621762726872,0.04604160017333925
base,2002,"(88, 92)",A* (h2),2932.06361715651,85,3257,1193,779,1.064144608185211,0.03020979999564588
base,2002,"(95, 98)",UCS,3162.1987970258247,92,14914,9650,299,1.0790188516982206,0.21363020013086498
base,2002,"(95, 98)",A* (h1),3162.1987970258247,92,5462,2161,866,1.0652552675110074,0.0514676000457257
base,2002,"(95, 98)",A* (h2),3162.1987970258247,92,3591,1336,814,1.0594147249046593,0.032648100052028894
base,2002,"(31, 87)",UCS,2167.9750169924896,77,10721,6690,286,1.0924982649438089,0.14924439997412264
base,2002,"(31, 87)",A* (h1),2167.9750169924896,77,3813,1913,363,1.0753096573346754,0.04495480004698038
base,2002,"(31, 87)",A* (h2),2167.9750169924896,77,3347,1628,765,1.0731162335983164,0.03959080018103123
base,2002,"(66, 17)",UCS,1591.4613415960025,62,6208,3863,205,1.1090161173899968,0.08646059990860522
base,2002,"(66, 17)",A* (h1),1591.4613415960025,62,1484,758,287,1.0786178712196839,0.01754499995149672
base,2002,"(66, 17)",A* (h2),1591.4613415960025,62,1126,510,354,1.0726090710754608,0.012154099997133017
base,2002,"(84, 70)",UCS,2543.3295295735197,80,13321,8422,299,1.091732079417424,0.18746280018240213
base,2002,"(84, 70)",A* (h1),2543.3295295735197,80,4897,2017,677,1.0758186348758811,0.04870120016857982
base,2002,"(84, 70)",A* (h2),2543.3295295735197,80,3181,1406,924,1.0688573352495943,0.03346649999730289
base,2002,"(15, 14)",UCS,306.058643424251,11,534,320,76,1.622805129112423,0.007020900025963783
base,2002,"(15, 14)",A* (h1),306.058643424251,11,86,37,45,1.3231298297071952,0.0008541999850422144
base,2002,"(15, 14)",A* (h2),306.058643424251,11,66,26,41,1.2811801308219508,0.0005994001403450966
base,2002,"(92, 38)",UCS,2386.5963673697934,88,12557,7869,299,1.0809111410088248,0.17672350001521409
base,2002,"(92, 38)",A* (h1),2386.5963673697934,88,3972,2063,540,1.0643070450117602,0.04929549992084503
base,2002,"(92, 38)",A* (h2),2386.5963673697934,88,3085,1369,1409,1.0605982061017536,0.03342090011574328
base,2003,"(99, 84)",UCS,1753.8193688105175,68,10538,7014,277,1.107275230621815,0.1545733001548797
base,2003,"(99, 84)",A* (h1),1753.8193688105175,68,1550,887,243,1.070545805485526,0.020531699992716312
base,2003,"(99, 84)",A* (h2),1753.8193688105175,68,1113,555,246,1.0639884369306127,0.012891599908471107
base,2003,"(88, 6)",UCS,2443.9536623982085,76,13923,9471,277,1.0983418662386484,0.22424339991994202
base,2003,"(88, 6)",A* (h1),2443.9536623982085,76,4571,1889,594,1.079634368614185,0.058328700019046664
base,2003,"(88, 6)",A* (h2),2443.9536623982085,76,2893,1277,615,1.071831786243894,0.032400500029325485
base,2003,"(56, 98)",UCS,754.2247105736999,25,3692,2265,222,1.3113782305117883,0.058775899931788445
base,2003,"(56, 98)",A* (h1),754.2247105736999,25,493,197,184,1.1916583435449644,0.004907299997285008
base,2003,"(56, 98)",A* (h2),754.2247105736999,25,346,159,145,1.1705623496116,0.0037478001322597265
base,2003,"(29, 59)",UCS,571.7527482360018,23,2442,1460,210,1.319950500841649,0.035858700051903725
base,2003,"(29, 59)",A* (h1),571.7527482360018,23,187,80,62,1.151019663624504,0.0019873001147061586
base,2003,"(29, 59)",A* (h2),571.7527482360018,23,161,66,77,1.1409852842103891,0.0016400001477450132
base,2003,"(79, 66)",UCS,1518.144726115611,48,8705,5692,265,1.1590887402692651,0.13141390006057918
base,2003,"(79, 66)",A* (h1),1518.144726115611,48,2462,1418,290,1.123907783295234,0.034551299875602126
base,2003,"(79, 66)",A* (h2),1518.144726115611,48,2398,1261,295,1.1231694892568087,0.03354489989578724
base,2003,"(65, 7)",UCS,2222.183708365002,75,13407,9077,277,1.099291148315654,0.19920570007525384
base,2003,"(65, 7)",A* (h1),2222.183708365002,75,5245,2342,491,1.0833186166547772,0.055817299988120794
base,2003,"(65, 7)",A* (h2),2222.183708365002,75,4012,1909,584,1.0787106820465426,0.04524270002730191
base,2003,"(56, 10)",UCS,1996.6969444198994,72,12262,8221,277,1.1027444409845768,0.180776699911803
base,2003,"(56, 10)",A* (h1),1996.6969444198994,72,3411,1639,394,1.0799004067044795,0.03884439985267818
base,2003,"(56, 10)",A* (h2),1996.6969444198994,72,2618,1263,703,1.0751019216285833,0.029690399998798966
base,2003,"(94, 69)",UCS,1841.7159263283288,67,11151,7468,277,1.110313157129795,0.17366690002381802
base,2003,"(94, 69)",A* (h1),1841.7159263283288,67,2889,1687,419,1.0842184052969075,0.03818240016698837
base,2003,"(94, 69)",A* (h2),1841.7159263283288,67,2523,1343,362,1.081562602206963,0.03133050003089011
base,2004,"(96, 25)",UCS,2529.836744971447,90,13468,9244,280,1.0797184939853337,0.20335249998606741
base,2004,"(96, 25)",A* (h1),2529.836744971447,90,4547,2512,502,1.0644507445186622,0.05755600007250905
base,2004,"(96, 25)",A* (h2),2529.836744971447,90,3740,1927,772,1.0616626672728147,0.04487290000542998
base,2004,"(49, 55)",UCS,1064.2686041011173,43,4406,2853,225,1.1609171176537227,0.06836099992506206
base,2004,"(49, 55)",A* (h1),1064.2686041011173,43,437,221,111,1.0867778947180462,0.0052316999062895775
base,2004,"(49, 55)",A* (h2),1064.2686041011173,43,343,153,188,1.0786546418784602,0.003672200022265315
base,2004,"(63, 90)",UCS,1705.879733311498,57,8602,5742,260,1.128436938020358,0.12586039979942143
base,2004,"(63, 90)",A* (h1),1705.879733311498,57,2655,1209,399,1.1013408839117007,0.02891830005683005
base,2004,"(63, 90)",A* (h2),1705.879733311498,57,1853,879,619,1.0929403910568483,0.021139400079846382
base,2004,"(76, 2)",UCS,2324.2130825363092,70,12816,8719,280,1.1071247114291438,0.19144569989293814
base,2004,"(76, 2)",A* (h1),2324.2130825363092,70,3234,1441,555,1.0817866446005429,0.0330760998185724
base,2004,"(76, 2)",A* (h2),2324.2130825363092,70,2122,961,499,1.0738874714434572,0.022646699799224734
base,2004,"(66, 26)",UCS,1766.443678291846,60,9051,6041,264,1.1216952283717714,0.13230699999257922
base,2004,"(66, 26)",A* (h1),1766.443678291846,60,2255,1030,431,1.091357805346334,0.023905100068077445
base,2004,"(66, 26)",A* (h2),1766.443678291846,60,1143,568,422,1.0761732687480265,0.013185200048610568
base,2004,"(70, 94)",UCS,1912.839579324881,64,10134,6750,274,1.1147209782111673,0.1470009998884052
base,2004,"(70, 94)",A* (h1),1912.839579324881,64,3206,1459,455,1.0913731997539835,0.034444799879565835
base,2004,"(70, 94)",A* (h2),1912.839579324881,64,2143,1045,665,1.0830806841017169,0.025045600021257997
base,2004,"(29, 39)",UCS,781.9983523465711,23,2762,1722,185,1.3281264262406443,0.03837199998088181
base,2004,"(29, 39)",A* (h1),781.9983523465711,23,637,258,189,1.2316814510521925,0.006071000127121806
base,2004,"(29, 39)",A* (h2),781.9983523465711,23,429,196,187,1.2058286466629693,0.004612399963662028
base,2004,"(91, 65)",UCS,2124.925811353191,85,11643,7841,280,1.083257706906383,0.17071120021864772
base,2004,"(91, 65)",A* (h1),2124.925811353191,85,1847,1023,288,1.0554121866204242,0.02368029998615384
base,2004,"(91, 65)",A* (h2),2124.925811353191,85,1412,607,435,1.0512048663146012,0.014819399919360876
base,2005,"(97, 13)",UCS,410.66302031398476,15,1204,725,183,1.4901527552095044,0.016335400054231286
base,2005,"(97, 13)",A* (h1),410.66302031398476,15,136,63,56,1.248322644856938,0.0014198001008480787
base,2005,"(97, 13)",A* (h2),410.66302031398476,15,132,50,67,1.2450662077777352,0.0011374999303370714
base,2005,"(48, 38)",UCS,1038.547777296226,34,4101,2784,185,1.2136324001411023,0.06149220000952482
base,2005,"(48, 38)",A* (h1),1038.547777296226,34,816,335,259,1.1467961500756043,0.0077692000195384026
base,2005,"(48, 38)",A* (h2),1038.547777296226,34,450,170,217,1.1217672491235278,0.004107499960809946
base,2005,"(71, 77)",UCS,1793.1312447689268,61,8435,5766,265,1.117755321950955,0.1255042999982834
base,2005,"(71, 77)",A* (h1),1793.1312447689268,61,3077,1828,324,1.096180284165162,0.04115510010160506
base,2005,"(71, 77)",A* (h2),1793.1312447689268,61,2695,1559,320,1.0933160194344969,0.035581700038164854
base,2005,"(80, 39)",UCS,591.2572744479905,23,1997,1330,185,1.306636211763767,0.029094900004565716
base,2005,"(80, 39)",A* (h1),591.2572744479905,23,146,77,60,1.1343918936873965,0.0016506998799741268
base,2005,"(80, 39)",A* (h2),591.2572744479905,23,124,55,63,1.1233006475480778,0.0011926998849958181
base,2005,"(89, 85)",UCS,1881.008984154564,69,9110,6228,281,1.1026800695041183,0.13567640003748238
base,2005,"(89, 85)",A* (h1),1881.008984154564,69,2626,1492,286,1.0793307473403981,0.03340849978849292
base,2005,"(89, 85)",A* (h2),1881.008984154564,69,2204,1140,328,1.07598864682698,0.026487099938094616
base,2005,"(50, 84)",UCS,1997.187055676538,68,10103,6885,311,1.1064805632675994,0.15110990009270608
base,2005,"(50, 84)",A* (h1),1997.187055676538,68,3391,1607,443,1.085736856455211,0.037419999949634075
base,2005,"(50, 84)",A* (h2),1997.187055676538,68,2380,1170,611,1.0789119661051365,0.027794300112873316
base,2005,"(31, 25)",UCS,1323.9047056855807,51,5647,3866,192,1.1363740986739215,0.08559280005283654
base,2005,"(31, 25)",A* (h1),1323.9047056855807,51,1091,568,256,1.0931448343741426,0.013399299932643771
base,2005,"(31, 25)",A* (h2),1323.9047056855807,51,950,411,361,1.0894252384482264,0.009828499983996153
base,2005,"(55, 67)",UCS,1523.0506311291515,51,6758,4603,202,1.1410384119610004,0.10169299994595349
base,2005,"(55, 67)",A* (h1),1523.0506311291515,51,1988,894,350,1.1090854474872192,0.020793800009414554
base,2005,"(55, 67)",A* (h2),1523.0506311291515,51,1378,685,440,1.0993811923050099,0.016122099943459034
base,2006,"(34, 52)",UCS,1513.9833163776773,45,5316,3509,224,1.1575976307336746,0.07859200006350875
base,2006,"(34, 52)",A* (h1),1513.9833163776773,45,3061,1388,366,1.141065936554251,0.0325804001186043
base,2006,"(34, 52)",A* (h2),1513.9833163776773,45,2654,1190,408,1.1367800770242797,0.02880099997855723
base,2006,"(87, 22)",UCS,2116.478898669498,81,9366,6436,253,1.0848661126962031,0.14313130010850728
base,2006,"(87, 22)",A* (h1),2116.478898669498,81,2902,1565,345,1.0663127970217257,0.03631110000424087
base,2006,"(87, 22)",A* (h2),2116.478898669498,81,2430,1131,792,1.063451876991918,0.027461200021207333
base,2006,"(55, 54)",UCS,1649.7275444144882,49,6166,4107,224,1.145725387485831,0.09205699991434813
base,2006,"(55, 54)",A* (h1),1649.7275444144882,49,866,272,445,1.091710398062875,0.006607100134715438
base,2006,"(55, 54)",A* (h2),1649.7275444144882,49,535,159,310,1.0779860880918197,0.003966299816966057
base,2006,"(15, 35)",UCS,761.238653318719,28,1831,1166,125,1.232177914424485,0.025901300134137273
base,2006,"(15, 35)",A* (h1),761.238653318719,28,469,238,141,1.1614373186741949,0.005611000116914511
base,2006,"(15, 35)",A* (h2),761.238653318719,28,497,197,244,1.1644703225268516,0.004769599996507168
base,2006,"(29, 93)",UCS,2308.8057749927466,86,10884,7514,253,1.0810991770300884,0.1675084000453353
base,2006,"(29, 93)",A* (h1),2308.8057749927466,86,3322,1755,462,1.0635020050517467,0.041023700032383204
base,2006,"(29, 93)",A* (h2),2308.8057749927466,86,2584,1275,722,1.0597054862135185,0.030423299875110388
base,2006,"(9, 73)",UCS,1646.8456175236508,66,6151,4093,224,1.1007385354703947,0.0911002999637276
base,2006,"(9, 73)",A* (h1),1646.8456175236508,66,972,518,190,1.063790723280402,0.011918600182980299
base,2006,"(9, 73)",A* (h2),1646.8456175236508,66,741,344,201,1.0581332944835817,0.008122800150886178
base,2006,"(63, 24)",UCS,1545.0947515694947,57,5522,3641,224,1.1182662340887766,0.08146489993669093
base,2006,"(63, 24)",A* (h1),1545.0947515694947,57,1817,963,289,1.0924797700912625,0.0224609998986125
base,2006,"(63, 24)",A* (h2),1545.0947515694947,57,1700,733,769,1.0909158150164742,0.017743700183928013
base,2006,"(35, 37)",UCS,1023.1188356477601,30,2897,1833,140,1.2341140068875487,0.04078599996864796
base,2006,"(35, 37)",A* (h1),1023.1188356477601,30,562,175,276,1.1555609805437674,0.0042357000056654215
base,2006,"(35, 37)",A* (h2),1023.1188356477601,30,353,108,195,1.1329601062511614,0.002686000196263194
base,2007,"(21, 94)",UCS,232.35502704363677,8,382,233,78,1.9183226413428023,0.005241000093519688
base,2007,"(21, 94)",A* (h1),232.35502704363677,8,67,27,36,1.4733424578963907,0.0006420998834073544
base,2007,"(21, 94)",A* (h2),232.35502704363677,8,58,24,32,1.4390425643202835,0.0005595998372882605
base,2007,"(39, 26)",UCS,2085.504147492274,70,10340,6810,262,1.1032065292304627,0.1475331000983715
base,2007,"(39, 26)",A* (h1),2085.504147492274,70,4751,2677,360,1.0889241247727908,0.06056680018082261
base,2007,"(39, 26)",A* (h2),2085.504147492274,70,4634,2423,448,1.0884632080875136,0.056025899946689606
base,2007,"(27, 58)",UCS,844.5525661895649,34,3250,2018,203,1.2040228802737216,0.04534689988940954
base,2007,"(27, 58)",A* (h1),844.5525661895649,34,274,136,98,1.1004744236050827,0.003170599928125739
base,2007,"(27, 58)",A* (h2),844.5525661895649,34,223,86,125,1.091465095525078,0.00206659990362823
base,2007,"(82, 61)",UCS,1623.896434107752,53,7336,4721,222,1.1365156678291206,0.10373329999856651
base,2007,"(82, 61)",A* (h1),1623.896434107752,53,1952,859,407,1.103374599670114,0.020643699914216995
base,2007,"(82, 61)",A* (h2),1623.896434107752,53,1169,534,330,1.0903068069203228,0.012789000058546662
base,2007,"(47, 98)",UCS,503.49185010264756,18,1379,876,138,1.392935313700539,0.019680799916386604
base,2007,"(47, 98)",A* (h1),503.49185010264756,18,247,111,85,1.2410586769513534,0.0026193000376224518
base,2007,"(47, 98)",A* (h2),503.49185010264756,18,220,93,124,1.2309162652601404,0.002238200046122074
base,2007,"(76, 21)",UCS,2505.3328150856837,86,12326,8227,262,1.0829209518706622,0.1783968999516219
base,2007,"(76, 21)",A* (h1),2505.3328150856837,86,5117,2497,466,1.069963739346818,0.05656950012780726
base,2007,"(76, 21)",A* (h2),2505.3328150856837,86,4047,2028,497,1.0664642566883744,0.04705209983512759
base,2007,"(66, 13)",UCS,2796.1581333361755,94,13426,9039,262,1.075601981776702,0.19425610010512173
base,2007,"(66, 13)",A* (h1),2796.1581333361755,94,8184,4396,628,1.0689907345790184,0.09686099993996322
base,2007,"(66, 13)",A* (h2),2796.1581333361755,94,7371,3837,733,1.067585362871673,0.08706529997289181
base,2007,"(1, 18)",UCS,2078.4650900312736,74,10304,6779,262,1.0963938486818434,0.14659469993785024
base,2007,"(1, 18)",A* (h1),2078.4650900312736,74,3090,1764,414,1.0754589528163478,0.04076490015722811
base,2007,"(1, 18)",A* (h2),2078.4650900312736,74,2952,1419,1097,1.0746530194096937,0.03413539985194802
base,2008,"(39, 91)",UCS,862.6133450311187,35,4959,3212,375,1.2134786586175976,0.07156089995987713
base,2008,"(39, 91)",A* (h1),862.6133450311187,35,238,108,97,1.0903366826051957,0.0025539000052958727
base,2008,"(39, 91)",A* (h2),862.6133450311187,35,180,69,109,1.078318974891157,0.0016232000198215246
base,2008,"(1, 48)",UCS,1237.6326603579491,37,9695,6413,453,1.2241128518490072,0.14283300004899502
base,2008,"(1, 48)",A* (h1),1237.6326603579491,37,2017,1103,333,1.1652688128808817,0.02463439991697669
base,2008,"(1, 48)",A* (h2),1237.6326603579491,37,1956,998,365,1.1641171882995782,0.02314570010639727
base,2008,"(84, 69)",UCS,1237.9794370249194,46,9703,6418,453,1.1708647866906252,0.14239019993692636
base,2008,"(84, 69)",A* (h1),1237.9794370249194,46,830,475,225,1.0985134933618372,0.010523600038141012
base,2008,"(84, 69)",A* (h2),1237.9794370249194,46,690,303,285,1.0929219379984267,0.0070795000065118074
base,2008,"(75, 91)",UCS,1317.0242195832104,41,10486,6982,453,1.1997114570381757,0.15390080003999174
base,2008,"(75, 91)",A* (h1),1317.0242195832104,41,1489,603,367,1.1346544812458066,0.014057200169190764
base,2008,"(75, 91)",A* (h2),1317.0242195832104,41,886,390,289,1.1171230085863135,0.00915459985844791
base,2008,"(68, 94)",UCS,1229.461840645151,38,9618,6355,453,1.2164481058866023,0.14072149991989136
base,2008,"(68, 94)",A* (h1),1229.461840645151,38,1037,404,344,1.135372262768138,0.009737299988046288
base,2008,"(68, 94)",A* (h2),1229.461840645151,38,575,251,225,1.1135305791721701,0.006006299983710051
base,2008,"(4, 88)",UCS,1194.4976478521808,36,9227,6078,453,1.2300448920417515,0.13458189996890724
base,2008,"(4, 88)",A* (h1),1194.4976478521808,36,1184,422,317,1.150545916779113,0.00991200003772974
base,2008,"(4, 88)",A* (h2),1194.4976478521808,36,746,277,286,1.1324922401427608,0.006562399910762906
base,2008,"(89, 50)",UCS,1285.7020194803356,51,10179,6764,453,1.1516595021439437,0.14876729995012283
base,2008,"(89, 50)",A* (h1),1285.7020194803356,51,720,373,186,1.0819119917106452,0.008439800003543496
base,2008,"(89, 50)",A* (h2),1285.7020194803356,51,587,241,315,1.0763143045248755,0.005773700075224042
base,2008,"(67, 71)",UCS,845.9076268931395,29,4768,3090,359,1.2695293866998996,0.06798899988643825
base,2008,"(67, 71)",A* (h1),845.9076268931395,29,543,252,155,1.1611870756193836,0.005682499846443534
base,2008,"(67, 71)",A* (h2),845.9076268931395,29,459,197,239,1.1527366870950042,0.004505299963057041
base,2009,"(77, 75)",UCS,1628.926361204335,56,9228,6283,271,1.1329035573809847,0.13906510011292994
base,2009,"(77, 75)",A* (h1),1628.926361204335,56,3444,1758,322,1.1097925921935217,0.0413780000526458
base,2009,"(77, 75)",A* (h2),1628.926361204335,56,3145,1570,318,1.1076481829204226,0.03759000007994473
base,2009,"(21, 14)",UCS,1601.2572660937935,57,9011,6135,265,1.129500446020641,0.13989250012673438
base,2009,"(21, 14)",A* (h1),1601.2572660937935,57,2085,1344,267,1.0957039406280356,0.03074619988910854
base,2009,"(21, 14)",A* (h2),1601.2572660937935,57,1972,1109,288,1.0943995124689434,0.025485499994829297
base,2009,"(60, 28)",UCS,1390.0003980904296,43,7480,5175,260,1.1775833913561264,0.11355850007385015
base,2009,"(60, 28)",A* (h1),1390.0003980904296,43,1057,386,372,1.1156147568625205,0.009039000142365694
base,2009,"(60, 28)",A* (h2),1390.0003980904296,43,461,197,224,1.0885558487252252,0.004628899972885847
base,2009,"(8, 99)",UCS,844.0214763259244,28,4332,2911,260,1.2769993402260158,0.06461639981716871
base,2009,"(8, 99)",A* (h1),844.0214763259244,28,593,238,171,1.1736869067120692,0.00555010000243783
base,2009,"(8, 99)",A* (h2),844.0214763259244,28,420,176,222,1.1556535383400153,0.004174200119450688
base,2009,"(98, 56)",UCS,2247.5133637748268,73,13672,9397,334,1.102935256035844,0.20617549982853234
base,2009,"(98, 56)",A* (h1),2247.5133637748268,73,5168,2669,536,1.0858938490793153,0.06132540013641119
base,2009,"(98, 56)",A* (h2),2247.5133637748268,73,4430,2243,474,1.0831696375623552,0.05235880007967353
base,2009,"(42, 85)",UCS,552.348539108927,17,2207,1388,226,1.4710486642791354,0.0315890999045223
base,2009,"(42, 85)",A* (h1),552.348539108927,17,210,73,123,1.246474820831029,0.0017423999961465597
base,2009,"(42, 85)",A* (h2),552.348539108927,17,158,57,84,1.2197592448040102,0.0013728998601436615
base,2009,"(38, 91)",UCS,612.6780457042942,20,2649,1692,229,1.3920669600378708,0.03833319991827011
base,2009,"(38, 91)",A* (h1),612.6780457042942,20,367,132,149,1.2378298425335892,0.0031715999357402325
base,2009,"(38, 91)",A* (h2),612.6780457042942,20,271,104,168,1.2144015538678117,0.002498899819329381
base,2009,"(90, 27)",UCS,2020.351695228175,65,12611,8626,334,1.116896229313749,0.19427060009911656
base,2009,"(90, 27)",A* (h1),2020.351695228175,65,2885,1242,504,1.087478142874249,0.029840199975296855
base,2009,"(90, 27)",A* (h2),2020.351695228175,65,1553,711,490,1.074856345347185,0.01732549979351461
base,2010,"(24, 83)",UCS,2116.255055717207,75,11538,8079,257,1.0967496602108853,0.18229089980013669
base,2010,"(24, 83)",A* (h1),2116.255055717207,75,3470,1699,398,1.0762025918354812,0.038392300019040704
base,2010,"(24, 83)",A* (h2),2116.255055717207,75,2917,1351,403,1.0731898457288143,0.03210990014486015
base,2010,"(77, 0)",UCS,752.1464514414962,27,2695,1922,193,1.2644830765260298,0.04229989997111261
base,2010,"(77, 0)",A* (h1),752.1464514414962,27,404,228,127,1.1615792323044274,0.004951499868184328
base,2010,"(77, 0)",A* (h2),752.1464514414962,27,419,152,167,1.1635720871209587,0.0034607001580297947
base,2010,"(24, 59)",UCS,1848.100725062316,59,9852,6985,257,1.1260986859839952,0.15156000014394522
base,2010,"(24, 59)",A* (h1),1848.100725062316,59,5266,2527,378,1.1122633542373026,0.057679499965161085
base,2010,"(24, 59)",A* (h2),1848.100725062316,59,4759,2304,380,1.1100180965488038,0.053136799950152636
base,2010,"(85, 65)",UCS,1708.5639938956836,55,8993,6417,257,1.1352651819711626,0.14571659988723695
base,2010,"(85, 65)",A* (h1),1708.5639938956836,55,2960,1213,469,1.1086602443085698,0.028652300126850605
base,2010,"(85, 65)",A* (h2),1708.5639938956836,55,2336,913,811,1.1029372672149995,0.021846200106665492
base,2010,"(32, 49)",UCS,1423.3025598531178,46,7257,5214,257,1.162399666085156,0.11397620011121035
base,2010,"(32, 49)",A* (h1),1423.3025598531178,46,3346,1558,296,1.1398009813072054,0.03591560013592243
base,2010,"(32, 49)",A* (h2),1423.3025598531178,46,3048,1418,310,1.1370696736231518,0.03374639991670847
base,2010,"(75, 87)",UCS,2121.232278109349,77,11572,8099,257,1.0937563948425328,0.17766720009967685
base,2010,"(75, 87)",A* (h1),2121.232278109349,77,3729,1884,538,1.0749360096571667,0.04447129997424781
base,2010,"(75, 87)",A* (h2),2121.232278109349,77,3324,1467,1245,1.0729999252767237,0.035471800016239285
base,2010,"(92, 30)",UCS,1232.7017750975424,42,6138,4347,257,1.1764793489970813,0.10111989988945425
base,2010,"(92, 30)",A* (h1),1232.7017750975424,42,1364,662,258,1.12763688947503,0.015486400108784437
base,2010,"(92, 30)",A* (h2),1232.7017750975424,42,901,518,278,1.1139827663218085,0.011960500152781606
base,2010,"(58, 67)",UCS,1443.506872053492,57,7366,5295,257,1.1248816698768693,0.11619700002484024
base,2010,"(58, 67)",A* (h1),1443.506872053492,57,1080,564,265,1.08016320408767,0.012977899983525276
base,2010,"(58, 67)",A* (h2),1443.506872053492,57,967,416,364,1.077515911868304,0.009950899984687567
base,2011,"(25, 85)",UCS,2572.100457476333,81,12071,8373,280,1.0888292507578234,0.17947269999422133
base,2011,"(25, 85)",A* (h1),2572.100457476333,81,3223,1418,709,1.06799640754536,0.031834600027650595
base,2011,"(25, 85)",A* (h2),2572.100457476333,81,1921,813,602,1.0596341474781692,0.018305599922314286
base,2011,"(71, 36)",UCS,922.8561457214166,31,2481,1571,155,1.2172753896554713,0.0331644001416862
base,2011,"(71, 36)",A* (h1),922.8561457214166,31,856,407,198,1.1682805999385932,0.008418699959293008
base,2011,"(71, 36)",A* (h2),922.8561457214166,31,775,362,203,1.1636836608710155,0.0076640998013317585
base,2011,"(24, 39)",UCS,2261.027574308572,72,10124,6906,280,1.0993508463476473,0.14896489982493222
base,2011,"(24, 39)",A* (h1),2261.027574308572,72,4210,2195,465,1.08369450906745,0.047917500138282776
base,2011,"(24, 39)",A* (h2),2261.027574308572,72,3711,1889,417,1.081422594173194,0.041970100020989776
base,2011,"(68, 99)",UCS,2260.471265304272,73,10123,6904,280,1.0976939868197868,0.14726960007101297
base,2011,"(68, 99)",A* (h1),2260.471265304272,73,2961,1409,450,1.0760032602841259,0.030981299933046103
base,2011,"(68, 99)",A* (h2),2260.471265304272,73,2127,938,763,1.0700575900318812,0.021177700022235513
base,2011,"(75, 33)",UCS,727.0343395040911,21,1737,1082,149,1.3358531641915645,0.02249720017425716
base,2011,"(75, 33)",A* (h1),727.0343395040911,21,429,199,150,1.2334995209572421,0.0040490999817848206
base,2011,"(75, 33)",A* (h2),727.0343395040911,21,387,173,161,1.2259940485307939,0.0035427999682724476
base,2011,"(85, 74)",UCS,1472.5270689525673,48,4918,3221,169,1.1432233315019382,0.06798890000209212
base,2011,"(85, 74)",A* (h1),1472.5270689525673,48,1099,522,279,1.1011083783441464,0.010983699932694435
base,2011,"(85, 74)",A* (h2),1472.5270689525673,48,964,434,371,1.0973569040246733,0.009158500004559755
base,2011,"(87, 42)",UCS,715.400169393647,20,1699,1057,149,1.3568906872678461,0.02222110005095601
base,2011,"(87, 42)",A* (h1),715.400169393647,20,396,194,125,1.2437000540296528,0.003740399843081832
base,2011,"(87, 42)",A* (h2),715.400169393647,20,344,166,122,1.2328332936543296,0.0032100998796522617
base,2011,"(63, 0)",UCS,1088.43983446876,33,3098,1989,157,1.2099275700714327,0.04191989987157285
base,2011,"(63, 0)",A* (h1),1088.43983446876,33,790,318,268,1.1513673942581102,0.007277300115674734
base,2011,"(63, 0)",A* (h2),1088.43983446876,33,482,225,154,1.1299184857969022,0.005113099934533238
base,2012,"(86, 38)",UCS,1648.0168841200436,49,9932,6795,275,1.158658922645001,0.15270810015499592
base,2012,"(86, 38)",A* (h1),1648.0168841200436,49,1870,722,453,1.1131407208614283,0.017310499912127852
base,2012,"(86, 38)",A* (h2),1648.0168841200436,49,1209,464,401,1.1010597289912143,0.011192299891263247
base,2012,"(45, 69)",UCS,349.2929054286479,11,812,490,134,1.6959276638563796,0.010790899861603975
base,2012,"(45, 69)",A* (h1),349.2929054286479,11,127,44,77,1.3852482498352794,0.0010419001337140799
base,2012,"(45, 69)",A* (h2),349.2929054286479,11,101,36,52,1.3486810976011663,0.0008621001616120338
base,2012,"(24, 27)",UCS,1437.3804986770112,53,8288,5694,266,1.1395473660653843,0.12632400006987154
base,2012,"(24, 27)",A* (h1),1437.3804986770112,53,1457,734,313,1.0959439806140387,0.016681400127708912
base,2012,"(24, 27)",A* (h2),1437.3804986770112,53,902,415,270,1.0836124388095634,0.009523899992927909
base,2012,"(45, 86)",UCS,326.86579347474606,8,710,423,121,2.0953906423626685,0.009256200166419148
base,2012,"(45, 86)",A* (h1),326.86579347474606,8,147,64,53,1.6660760968638484,0.0014277000445872545
base,2012,"(45, 86)",A* (h2),326.86579347474606,8,136,59,53,1.6464787618308254,0.0013574000913649797
base,2012,"(29, 11)",UCS,1793.2541602495853,69,11042,7542,275,1.1062505782273322,0.16893989988602698
base,2012,"(29, 11)",A* (h1),1793.2541602495853,69,1807,980,318,1.0721782095204913,0.022520400118082762
base,2012,"(29, 11)",A* (h2),1793.2541602495853,69,1300,592,413,1.0657966072724818,0.013875599950551987
base,2012,"(10, 71)",UCS,740.8667321158633,27,3140,2103,228,1.2727996422075099,0.04644670011475682
base,2012,"(10, 71)",A* (h1),740.8667321158633,27,457,217,134,1.1683109382797552,0.005057299975305796
base,2012,"(10, 71)",A* (h2),740.8667321158633,27,316,123,173,1.1480993026225494,0.0029591000638902187
base,2012,"(36, 33)",UCS,1205.0075338912973,47,6516,4521,265,1.155052995543569,0.1205128999426961
base,2012,"(36, 33)",A* (h1),1205.0075338912973,47,706,371,195,1.0909284239432728,0.008297600084915757
base,2012,"(36, 33)",A* (h2),1205.0075338912973,47,486,240,168,1.0797442418600696,0.005463700043037534
base,2012,"(7, 31)",UCS,1528.5908468769387,49,8969,6151,266,1.1558929018414337,0.1354918999131769
base,2012,"(7, 31)",A* (h1),1528.5908468769387,49,2076,928,383,1.1160174159320793,0.02159869996830821
base,2012,"(7, 31)",A* (h2),1528.5908468769387,49,1519,709,446,1.107399479108277,0.016453299904242158
base,2013,"(47, 87)",UCS,1024.924323091103,38,6631,4424,407,1.2029198728186756,0.09927499992772937
base,2013,"(47, 87)",A* (h1),1024.924323091103,38,718,366,156,1.121800441370988,0.008385899942368269
base,2013,"(47, 87)",A* (h2),1024.924323091103,38,586,285,135,1.1142388928426534,0.006692599970847368
base,2013,"(26, 29)",UCS,607.9448923217085,20,2441,1589,241,1.3855575161691345,0.0356799999717623
base,2013,"(26, 29)",A* (h1),607.9448923217085,20,373,142,136,1.2390813841135522,0.003298100084066391
base,2013,"(26, 29)",A* (h2),607.9448923217085,20,282,101,136,1.2174790748873903,0.0023944999556988478
base,2013,"(94, 11)",UCS,1729.041447193359,56,13314,9137,445,1.1414555042763834,0.2025625000242144
base,2013,"(94, 11)",A* (h1),1729.041447193359,56,2041,877,417,1.0973877656504298,0.02059129998087883
base,2013,"(94, 11)",A* (h2),1729.041447193359,56,1388,588,569,1.088143626560029,0.014165000058710575
base,2013,"(96, 88)",UCS,1866.4663727161355,60,13729,9431,445,1.1306980950551018,0.20806759991683066
base,2013,"(96, 88)",A* (h1),1866.4663727161355,60,2347,1063,398,1.0922417178556372,0.0248884002212435
base,2013,"(96, 88)",A* (h2),1866.4663727161355,60,1638,732,595,1.0842563534826428,0.017281899927183986
base,2013,"(63, 19)",UCS,983.5411493591413,30,6129,4077,393,1.2701224463279557,0.09064600011333823
base,2013,"(63, 19)",A* (h1),983.5411493591413,30,682,246,251,1.164889275228454,0.0057721000630408525
base,2013,"(63, 19)",A* (h2),983.5411493591413,30,551,186,236,1.1546061080070966,0.004583399975672364
base,2013,"(53, 44)",UCS,415.5752090921627,15,1224,751,157,1.4920438297042142,0.016853499924764037
base,2013,"(53, 44)",A* (h1),415.5752090921627,15,153,64,58,1.2611630030538632,0.0014991001226007938
base,2013,"(53, 44)",A* (h2),415.5752090921627,15,137,56,72,1.2491214603852603,0.0013117999769747257
base,2013,"(19, 77)",UCS,875.5133424811694,28,4861,3209,367,1.283030687924039,0.07152920006774366
base,2013,"(19, 77)",A* (h1),875.5133424811694,28,756,288,216,1.186319797659983,0.006853099912405014
base,2013,"(19, 77)",A* (h2),875.5133424811694,28,560,226,255,1.170701803540271,0.005390699952840805
base,2013,"(27, 31)",UCS,549.2174225636827,18,2017,1300,221,1.427332045271612,0.028972300002351403
base,2013,"(27, 31)",A* (h1),549.2174225636827,18,307,115,122,1.2600976129399408,0.002637699944898486
base,2013,"(27, 31)",A* (h2),549.2174225636827,18,224,80,115,1.2324958648452713,0.0018744999542832375
base,2014,"(74, 39)",UCS,1300.8794746566496,52,8406,5789,310,1.143224298513243,0.12947609997354448
base,2014,"(74, 39)",A* (h1),1300.8794746566496,52,598,300,154,1.0747894709299182,0.00689690001308918
base,2014,"(74, 39)",A* (h2),1300.8794746566496,52,497,197,206,1.0697691937277887,0.0046397000551223755
base,2014,"(71, 73)",UCS,1499.8553806320042,49,9989,6883,310,1.1588136830057358,0.15381930000148714
base,2014,"(71, 73)",A* (h1),1499.8553806320042,49,1995,836,344,1.114922991439418,0.019791899947449565
base,2014,"(71, 73)",A* (h2),1499.8553806320042,49,1117,560,307,1.0988516312258172,0.013174300082027912
base,2014,"(91, 84)",UCS,2114.763662714496,69,12942,9156,310,1.1091932558704243,0.2019630998838693
base,2014,"(91, 84)",A* (h1),2114.763662714496,69,4285,1838,491,1.0885884631126619,0.043341599870473146
base,2014,"(91, 84)",A* (h2),2114.763662714496,69,2787,1347,549,1.0804620547367274,0.031910400139167905
base,2014,"(37, 91)",UCS,1304.8387112095113,48,8446,5814,310,1.1582505554335796,0.12978750001639128
base,2014,"(37, 91)",A* (h1),1304.8387112095113,48,1114,635,231,1.1014954818209004,0.014421999920159578
base,2014,"(37, 91)",A* (h2),1304.8387112095113,48,1092,484,483,1.100925938732765,0.01142800017260015
base,2014,"(46, 17)",UCS,885.9977803216606,27,4629,3194,251,1.2939993672625452,0.07129079988226295
base,2014,"(46, 17)",A* (h1),885.9977803216606,27,313,104,169,1.1475735518591197,0.005162700079381466
base,2014,"(46, 17)",A* (h2),885.9977803216606,27,194,68,109,1.120965698257118,0.002404100028797984
base,2014,"(52, 84)",UCS,1288.9123896036563,41,8295,5720,310,1.19190714578907,0.12897590012289584
base,2014,"(52, 84)",A* (h1),1288.9123896036563,41,1137,417,304,1.125572313492237,0.009892800124362111
base,2014,"(52, 84)",A* (h2),1288.9123896036563,41,556,294,232,1.1011617213507732,0.006832099985331297
base,2014,"(26, 26)",UCS,449.068329004995,17,1330,907,190,1.4214955233603548,0.02027389989234507
base,2014,"(26, 26)",A* (h1),449.068329004995,17,148,74,61,1.213606472321678,0.0016799001023173332
base,2014,"(26, 26)",A* (h2),449.068329004995,17,163,62,77,1.2226894225758387,0.0014609000645577908
base,2014,"(63, 46)",UCS,1037.2779436407143,42,5872,4100,282,1.1750457323354644,0.09112980007193983
base,2014,"(63, 46)",A* (h1),1037.2779436407143,42,516,256,106,1.095344772956674,0.005838499870151281
base,2014,"(63, 46)",A* (h2),1037.2779436407143,42,377,172,155,1.0846429583968193,0.003991999896243215
base,2015,"(96, 79)",UCS,2144.2626535884947,84,13007,8567,280,1.086121543954056,0.1896472000516951
base,2015,"(96, 79)",A* (h1),2144.2626535884947,84,2368,1169,389,1.0601660359077463,0.027541899820789695
base,2015,"(96, 79)",A* (h2),2144.2626535884947,84,1337,598,612,1.051141614503941,0.01442939997650683
base,2015,"(45, 52)",UCS,950.1738422807881,33,4396,2702,236,1.224906158244913,0.060027800034731627
base,2015,"(45, 52)",A* (h1),950.1738422807881,33,779,351,183,1.1507623839128018,0.008245200151577592
base,2015,"(45, 52)",A* (h2),950.1738422807881,33,632,285,269,1.1417142342485826,0.006822099909186363
base,2015,"(93, 92)",UCS,2212.493569725388,81,13385,8829,280,1.0904398007407383,0.19653100008144975
base,2015,"(93, 92)",A* (h1),2212.493569725388,81,3164,1588,494,1.0677004758169333,0.03750670002773404
base,2015,"(93, 92)",A* (h2),2212.493569725388,81,2332,1070,839,1.0627853474960134,0.02589399996213615
base,2015,"(31, 4)",UCS,1722.9125017339093,64,10091,6519,280,1.1146352220779483,0.14565550000406802
base,2015,"(31, 4)",A* (h1),1722.9125017339093,64,1703,923,286,1.0783075341814012,0.02108750003390014
base,2015,"(31, 4)",A* (h2),1722.9125017339093,64,1280,611,566,1.0723228202039965,0.014478199882432818
base,2015,"(76, 98)",UCS,1880.820477659718,64,11271,7356,280,1.1168621039140751,0.16413179994560778
base,2015,"(76, 98)",A* (h1),1880.820477659718,64,2297,981,446,1.0845156130755318,0.022706500021740794
base,2015,"(76, 98)",A* (h2),1880.820477659718,64,1414,633,401,1.074416489018666,0.015223499853163958
base,2015,"(79, 9)",UCS,2204.132177249288,67,13339,8795,280,1.1137408022429478,0.1950049998704344
base,2015,"(79, 9)",A* (h1),2204.132177249288,67,2183,921,591,1.078714239862785,0.023406099993735552
base,2015,"(79, 9)",A* (h2),2204.132177249288,67,1329,551,465,1.0688410758540186,0.014321299968287349
base,2015,"(50, 67)",UCS,929.0505762382242,38,4266,2618,236,1.1869021258663766,0.0641117999330163
base,2015,"(50, 67)",A* (h1),929.0505762382242,38,200,85,93,1.0729743230902185,0.0020467001013457775
base,2015,"(50, 67)",A* (h2),929.0505762382242,38,133,46,85,1.0564189689688859,0.001120300032198429
base,2015,"(22, 72)",UCS,299.7935626758108,10,621,364,123,1.7479867887066942,0.007929000072181225
base,2015,"(22, 72)",A* (h1),299.7935626758108,10,109,42,53,1.4178268942342163,0.0009675000328570604
base,2015,"(22, 72)",A* (h2),299.7935626758108,10,84,36,34,1.3709820017573164,0.0008463000413030386
base,2016,"(21, 26)",UCS,1329.6948534227515,46,8681,5942,356,1.1676211805146037,0.15124489995650947
base,2016,"(21, 26)",A* (h1),1329.6948534227515,46,962,487,198,1.1029528112497773,0.010449899826198816
base,2016,"(21, 26)",A* (h2),1329.6948534227515,46,782,351,236,1.0967149120097677,0.007731500081717968
base,2016,"(96, 67)",UCS,992.1910258021526,29,5449,3621,345,1.2762311912123114,0.07869259989820421
base,2016,"(96, 67)",A* (h1),992.1910258021526,29,415,136,206,1.1476532537160813,0.0031695000361651182
base,2016,"(96, 67)",A* (h2),992.1910258021526,29,261,91,167,1.1240356271932601,0.0021297999192029238
base,2016,"(66, 42)",UCS,61.06092422902115,2,40,16,25,5.7649819741856305,0.0003380998969078064
base,2016,"(66, 42)",A* (h1),61.06092422902115,2,17,4,14,3.531128764152527,8.079991675913334e-05
base,2016,"(66, 42)",A* (h2),61.06092422902115,2,17,4,14,3.531128764152527,0.00010730000212788582
base,2016,"(33, 98)",UCS,1766.1109442879704,58,12572,8798,356,1.134237308519293,0.19467710005119443
base,2016,"(33, 98)",A* (h1),1766.1109442879704,58,2223,1028,352,1.0950680523989282,0.024656200082972646
base,2016,"(33, 98)",A* (h2),1766.1109442879704,58,1621,783,451,1.0877958747065959,0.019595100078731775
base,2016,"(23, 60)",UCS,1282.195433240266,44,8227,5615,356,1.1754858951973621,0.12425059988163412
base,2016,"(23, 60)",A* (h1),1282.195433240266,44,1246,587,265,1.1173101671477115,0.013803199864923954
base,2016,"(23, 60)",A* (h2),1282.195433240266,44,978,465,308,1.1097238043856938,0.01103169983252883
base,2016,"(40, 44)",UCS,750.5294921206527,28,3117,2029,289,1.2598200309502334,0.04444159986451268
base,2016,"(40, 44)",A* (h1),750.5294921206527,28,404,202,106,1.153614294341733,0.004343600012362003
base,2016,"(40, 44)",A* (h2),750.5294921206527,28,352,171,102,1.1463605354505075,0.003727999981492758
base,2016,"(61, 2)",UCS,1334.9717091049463,38,8735,5980,356,1.2129417817840515,0.1365763999056071
base,2016,"(61, 2)",A* (h1),1334.9717091049463,38,1490,757,316,1.1486488055473676,0.016776000149548054
base,2016,"(61, 2)",A* (h2),1334.9717091049463,38,1350,659,309,1.1450419943951875,0.014014399843290448
base,2016,"(25, 74)",UCS,1481.9625165959392,48,10226,7010,356,1.1635593364376744,0.15171710005961359
base,2016,"(25, 74)",A* (h1),1481.9625165959392,48,1951,862,313,1.1173735450813993,0.01942240004427731
base,2016,"(25, 74)",A* (h2),1481.9625165959392,48,1436,648,304,1.1087179107193887,0.0156487999483943
base,2017,"(36, 59)",UCS,2318.278351530029,80,10232,6794,288,1.0875618624890735,0.14772740006446838
base,2017,"(36, 59)",A* (h1),2318.278351530029,80,5427,2648,463,1.077466534686133,0.06016790005378425
base,2017,"(36, 59)",A* (h2),2318.278351530029,80,4610,2194,578,1.0748493344194991,0.05111890006810427
base,2017,"(8, 50)",UCS,2654.9118256892234,87,12257,8253,291,1.081687695868253,0.18193680001422763
base,2017,"(8, 50)",A* (h1),2654.9118256892234,87,6201,2738,581,1.0717844844625992,0.06337460014037788
base,2017,"(8, 50)",A* (h2),2654.9118256892234,87,4670,2086,646,1.0676232593165915,0.04997769999317825
base,2017,"(94, 11)",UCS,169.06842853189548,7,172,119,44,1.872355821396167,0.0025164999533444643
base,2017,"(94, 11)",A* (h1),169.06842853189548,7,27,8,20,1.3336752505054577,0.00017499993555247784
base,2017,"(94, 11)",A* (h2),169.06842853189548,7,27,8,20,1.3336752505054577,0.0001758001744747162
base,2017,"(84, 20)",UCS,512.3650097285844,18,796,511,74,1.343891321662278,0.011559000005945563
base,2017,"(84, 20)",A* (h1),512.3650097285844,18,332,127,104,1.2669520807450265,0.002881699940189719
base,2017,"(84, 20)",A* (h2),512.3650097285844,18,242,105,104,1.2392675502535861,0.002363900188356638
base,2017,"(81, 45)",UCS,1114.6609177953212,41,2713,1773,127,1.1547207282443168,0.0377275999635458
base,2017,"(81, 45)",A* (h1),1114.6609177953212,41,931,468,220,1.11880537323326,0.010819199960678816
base,2017,"(81, 45)",A* (h2),1114.6609177953212,41,665,338,256,1.1073256651799808,0.007880300050601363
base,2017,"(53, 60)",UCS,1898.4858395515514,63,6843,4608,262,1.1088876592993016,0.10023260000161827
base,2017,"(53, 60)",A* (h1),1898.4858395515514,63,3174,1451,410,1.0929938792746066,0.03328740014694631
base,2017,"(53, 60)",A* (h2),1898.4858395515514,63,2263,1087,449,1.0859174577781192,0.02512889984063804
base,2017,"(42, 88)",UCS,2567.231284227318,84,11846,7942,291,1.0847193184098234,0.17421730002388358
base,2017,"(42, 88)",A* (h1),2567.231284227318,84,4195,1839,652,1.0689989886413596,0.042767300037667155
base,2017,"(42, 88)",A* (h2),2567.231284227318,84,2364,1141,629,1.06013901847304,0.026950799860060215
base,2017,"(45, 60)",UCS,2098.6464976443367,71,8323,5566,268,1.0975286228056849,0.12146589998155832
base,2017,"(45, 60)",A* (h1),2098.6464976443367,71,4163,1963,446,1.0849624906002646,0.04439920000731945
base,2017,"(45, 60)",A* (h2),2098.6464976443367,71,3160,1528,490,1.079913872656984,0.035101399989798665
base,2018,"(90, 83)",UCS,1579.6371974205085,57,10749,7310,370,1.133537073482223,0.1607226999476552
base,2018,"(90, 83)",A* (h1),1579.6371974205085,57,1948,1010,341,1.0941125689805276,0.023708899971097708
base,2018,"(90, 83)",A* (h2),1579.6371974205085,57,1593,805,600,1.0893849766294246,0.01923730014823377
base,2018,"(8, 98)",UCS,1217.8406136587992,40,8203,5542,370,1.1975401008463085,0.12387779983691871
base,2018,"(8, 98)",A* (h1),1217.8406136587992,40,1163,543,268,1.1304961183002928,0.01249750005081296
base,2018,"(8, 98)",A* (h2),1217.8406136587992,40,912,411,328,1.1220432716384448,0.00962310004979372
base,2018,"(13, 71)",UCS,568.2833464523222,20,2207,1362,247,1.3775580692668574,0.030378400115296245
base,2018,"(13, 71)",A* (h1),568.2833464523222,20,277,116,131,1.2160955440236851,0.0026742999907583
base,2018,"(13, 71)",A* (h2),568.2833464523222,20,179,60,111,1.1822013957478528,0.0014261000324040651
base,2018,"(99, 16)",UCS,2237.2626348255394,67,13669,9559,370,1.114207987710429,0.20695259980857372
base,2018,"(99, 16)",A* (h1),2237.2626348255394,67,3726,1775,378,1.0891818626497338,0.04033840005286038
base,2018,"(99, 16)",A* (h2),2237.2626348255394,67,2907,1374,380,1.084340134189457,0.03282939991913736
base,2018,"(23, 65)",UCS,267.70407757629374,10,502,290,116,1.7055260603008933,0.0063323997892439365
base,2018,"(23, 65)",A* (h1),267.70407757629374,10,62,24,35,1.316810591901485,0.0005475000943988562
base,2018,"(23, 65)",A* (h2),267.70407757629374,10,55,19,35,1.2955180159269957,0.0004384000785648823
base,2018,"(17, 69)",UCS,450.07558985198233,16,1391,853,190,1.4631040338856882,0.018834399990737438
base,2018,"(17, 69)",A* (h1),450.07558985198233,16,168,71,88,1.2466711018605863,0.001613199943676591
base,2018,"(17, 69)",A* (h2),450.07558985198233,16,93,29,63,1.1867371090868803,0.0006862999871373177
base,2018,"(30, 7)",UCS,1415.5246180797044,56,9542,6506,370,1.133684603165801,0.144798600114882
base,2018,"(30, 7)",A* (h1),1415.5246180797044,56,979,521,214,1.0796716495637646,0.011945100035518408
base,2018,"(30, 7)",A* (h2),1415.5246180797044,56,593,270,169,1.0672694588323923,0.006324899848550558
base,2018,"(48, 54)",UCS,461.4367449103461,15,1463,897,194,1.5126040535888883,0.020142100052908063
base,2018,"(48, 54)",A* (h1),461.4367449103461,15,204,76,93,1.2925216490755331,0.0017923000268638134
base,2018,"(48, 54)",A* (h2),461.4367449103461,15,119,57,54,1.2337504794305052,0.0013313000090420246
base,2019,"(44, 26)",UCS,692.1427787097847,27,3041,2097,230,1.2710545565884837,0.04641189984977245
base,2019,"(44, 26)",A* (h1),692.1427787097847,27,286,141,85,1.1425955342659595,0.0032601000275462866
base,2019,"(44, 26)",A* (h2),692.1427787097847,27,224,102,67,1.1290246885875774,0.0024081000592559576
base,2019,"(50, 19)",UCS,553.8424690747556,21,2111,1373,228,1.350308794243924,0.030460000038146973
base,2019,"(50, 19)",A* (h1),553.8424690747556,21,228,118,85,1.1873338538223264,0.0027042999863624573
base,2019,"(50, 19)",A* (h2),553.8424690747556,21,251,90,124,1.194379997322552,0.0021559998858720064
base,2019,"(96, 93)",UCS,1942.928132158658,70,10399,7460,285,1.103310456333999,0.15971609996631742
base,2019,"(96, 93)",A* (h1),1942.928132158658,70,2289,1181,363,1.0753149288198536,0.03758789994753897
base,2019,"(96, 93)",A* (h2),1942.928132158658,70,1621,680,572,1.068782709566753,0.023236599983647466
base,2019,"(30, 66)",UCS,1900.679164546771,53,10156,7278,285,1.1445935466417554,0.15730730001814663
base,2019,"(30, 66)",A* (h1),1900.679164546771,53,4615,2152,414,1.1249766766809102,0.04809669987298548
base,2019,"(30, 66)",A* (h2),1900.679164546771,53,4137,1912,367,1.122247324764158,0.04401719989255071
base,2019,"(38, 79)",UCS,2420.176235015283,59,12112,8798,285,1.1306456117663122,0.18714460008777678
base,2019,"(38, 79)",A* (h1),2420.176235015283,59,8499,4347,535,1.1228424292092467,0.0958839999511838
base,2019,"(38, 79)",A* (h2),2420.176235015283,59,7298,3886,462,1.1194810219718438,0.08635920006781816
base,2019,"(32, 33)",UCS,1054.1553795261805,39,5069,3539,230,1.1869347518223825,0.07751580001786351
base,2019,"(32, 33)",A* (h1),1054.1553795261805,39,744,417,169,1.1188985256401571,0.009530700044706464
base,2019,"(32, 33)",A* (h2),1054.1553795261805,39,567,324,160,1.1090610865287949,0.007460399996489286
base,2019,"(14, 52)",UCS,1701.4032852893815,57,8778,6245,267,1.1289010745682022,0.1333247001748532
base,2019,"(14, 52)",A* (h1),1701.4032852893815,57,2553,1082,403,1.1004290606718095,0.025585199939087033
base,2019,"(14, 52)",A* (h2),1701.4032852893815,57,1438,778,327,1.086968288647527,0.01827379991300404
base,2019,"(34, 4)",UCS,1096.3129970949865,37,5267,3684,230,1.2012186732180772,0.08124730014242232
base,2019,"(34, 4)",A* (h1),1096.3129970949865,37,1059,501,235,1.1410141580994084,0.011733999941498041
base,2019,"(34, 4)",A* (h2),1096.3129970949865,37,826,392,310,1.1315896232238312,0.009228399954736233
base,2020,"(3, 97)",UCS,3043.99136560188,93,13171,9624,266,1.076326033429456,0.20655510015785694
base,2020,"(3, 97)",A* (h1),3043.99136560188,93,6228,2458,542,1.0661815029370447,0.0579502999316901
base,2020,"(3, 97)",A* (h2),3043.99136560188,93,3832,1808,525,1.059511370679239,0.04255430004559457
base,2020,"(72, 2)",UCS,950.6091035422793,29,3027,2218,159,1.246804043479413,0.04798350017517805
base,2020,"(72, 2)",A* (h1),950.6091035422793,29,584,214,262,1.164836810093065,0.005032399902120233
base,2020,"(72, 2)",A* (h2),950.6091035422793,29,362,145,200,1.140735766302479,0.0034039998427033424
base,2020,"(47, 3)",UCS,1466.4361554416205,49,5457,4164,183,1.1424069337582798,0.09759530005976558
base,2020,"(47, 3)",A* (h1),1466.4361554416205,49,1688,768,362,1.1103161899247467,0.017812199890613556
base,2020,"(47, 3)",A* (h2),1466.4361554416205,49,1353,570,651,1.1041901765273523,0.01351059996522963
base,2020,"(86, 30)",UCS,258.409247110341,10,313,190,63,1.6135693478260609,0.004035300109535456
base,2020,"(86, 30)",A* (h1),258.409247110341,10,53,20,29,1.2889378180374824,0.0004545000847429037
base,2020,"(86, 30)",A* (h2),258.409247110341,10,55,20,35,1.2955180159269957,0.0004696999676525593
base,2020,"(68, 69)",UCS,1238.7623205297266,38,4396,3321,183,1.1879914693958398,0.07266049995087087
base,2020,"(68, 69)",A* (h1),1238.7623205297266,38,1594,573,308,1.1511117736000998,0.013560199877247214
base,2020,"(68, 69)",A* (h2),1238.7623205297266,38,1015,437,379,1.1345837282315272,0.01032990007661283
base,2020,"(14, 93)",UCS,2826.8307702496236,84,12896,9388,266,1.0859936539133348,0.20102100004442036
base,2020,"(14, 93)",A* (h1),2826.8307702496236,84,7004,2831,566,1.0768013692329343,0.06605470017530024
base,2020,"(14, 93)",A* (h2),2826.8307702496236,84,4825,2162,539,1.0711376740790004,0.05072900000959635
base,2020,"(72, 16)",UCS,735.2755083067658,24,1988,1402,157,1.289541349256325,0.0305952001363039
base,2020,"(72, 16)",A* (h1),735.2755083067658,24,442,190,171,1.1959105608326994,0.004439699929207563
base,2020,"(72, 16)",A* (h2),735.2755083067658,24,389,157,166,1.1879407625210545,0.003806499997153878
base,2020,"(51, 53)",UCS,1377.7845179231472,45,5048,3836,183,1.15605046732707,0.08439420000649989
base,2020,"(51, 53)",A* (h1),1377.7845179231472,45,2070,956,288,1.129297220134097,0.022175800055265427
base,2020,"(51, 53)",A* (h2),1377.7845179231472,45,1654,793,362,1.1225166917676157,0.018966299947351217
base,2021,"(50, 17)",UCS,2403.2751545802425,82,11712,8121,266,1.0870540511488245,0.1792027000337839
base,2021,"(50, 17)",A* (h1),2403.2751545802425,82,5868,3116,430,1.076354153956753,0.07165440008975565
base,2021,"(50, 17)",A* (h2),2403.2751545802425,82,5418,2788,562,1.0751101751630197,0.07244349992834032
base,2021,"(59, 74)",UCS,729.2174897520737,23,2033,1327,144,1.3078160349534174,0.02968239993788302
base,2021,"(59, 74)",A* (h1),729.2174897520737,23,614,252,183,1.2292781163004607,0.0059605001006275415
base,2021,"(59, 74)",A* (h2),729.2174897520737,23,491,203,160,1.2146627998283228,0.00505969999358058
base,2021,"(52, 52)",UCS,1330.2574136914855,45,5374,3524,195,1.1579225565149969,0.08063920005224645
base,2021,"(52, 52)",A* (h1),1330.2574136914855,45,1696,815,314,1.1232758471971267,0.019151199841871858
base,2021,"(52, 52)",A* (h2),1330.2574136914855,45,1282,575,370,1.1147797382446738,0.014336999971419573
base,2021,"(75, 73)",UCS,585.4156353738472,24,1413,895,132,1.2682074788180615,0.01957380003295839
base,2021,"(75, 73)",A* (h1),585.4156353738472,24,134,58,68,1.1203240132072911,0.0013119000941514969
base,2021,"(75, 73)",A* (h2),585.4156353738472,24,141,48,79,1.123627910064122,0.0011911999899894
base,2021,"(75, 79)",UCS,440.791308339766,18,867,557,100,1.3514713117691832,0.012126999907195568
base,2021,"(75, 79)",A* (h1),440.791308339766,18,88,36,52,1.1497833280131713,0.0008370999712496996
base,2021,"(75, 79)",A* (h2),440.791308339766,18,106,36,61,1.166466346991557,0.0008435999043285847
base,2021,"(94, 9)",UCS,2348.7296028975697,88,11389,7884,266,1.0795171537631851,0.17289219982922077
base,2021,"(94, 9)",A* (h1),2348.7296028975697,88,4067,2176,527,1.0646526985064786,0.050819299882277846
base,2021,"(94, 9)",A* (h2),2348.7296028975697,88,3478,1666,1052,1.0623617363835485,0.039508899906650186
base,2021,"(32, 43)",UCS,1747.574618363501,54,7676,5236,206,1.1345016582506346,0.11598820006474853
base,2021,"(32, 43)",A* (h1),1747.574618363501,54,2352,961,453,1.1055400361171488,0.02321779984049499
base,2021,"(32, 43)",A* (h2),1747.574618363501,54,1663,710,506,1.0969415431254408,0.017062699887901545
base,2021,"(66, 60)",UCS,975.3941544618434,37,3300,2127,190,1.183713638067048,0.046708600129932165
base,2021,"(66, 60)",A* (h1),975.3941544618434,37,690,344,179,1.1247300828223799,0.008106400026008487
base,2021,"(66, 60)",A* (h2),975.3941544618434,37,564,240,211,1.11699772257591,0.005707000149413943
base,2022,"(74, 99)",UCS,2249.9434704254613,84,13752,9160,309,1.0869559622496687,0.2032284999731928
base,2022,"(74, 99)",A* (h1),2249.9434704254613,84,2962,1552,503,1.063642692742818,0.03550799982622266
base,2022,"(74, 99)",A* (h2),2249.9434704254613,84,2183,1007,738,1.058895241177229,0.023832299979403615
base,2022,"(24, 63)",UCS,1481.0665278094957,48,8772,5910,309,1.15930146961955,0.1310458998195827
base,2022,"(24, 63)",A* (h1),1481.0665278094957,48,1784,742,339,1.1148523582218182,0.017478900030255318
base,2022,"(24, 63)",A* (h2),1481.0665278094957,48,1353,543,584,1.1070287331961906,0.013150200014933944
base,2022,"(5, 94)",UCS,2973.0890344140353,88,14268,9593,309,1.0827336532370675,0.2111088999081403
base,2022,"(5, 94)",A* (h1),2973.0890344140353,88,11534,5699,531,1.0796974248576656,0.13415569998323917
base,2022,"(5, 94)",A* (h2),2973.0890344140353,88,10625,5220,870,1.0785238515834399,0.1399980999995023
base,2022,"(93, 40)",UCS,1218.5425523605313,39,6488,4459,304,1.1956309368615123,0.0984298000112176
base,2022,"(93, 40)",A* (h1),1218.5425523605313,39,1174,503,322,1.1352391063708387,0.011786299990490079
base,2022,"(93, 40)",A* (h2),1218.5425523605313,39,814,341,273,1.1221355447534833,0.008001400157809258
base,2022,"(9, 16)",UCS,1145.3346608036463,47,5927,4081,304,1.1523571209021224,0.09012939990498126
base,2022,"(9, 16)",A* (h1),1145.3346608036463,47,351,166,136,1.0698008318130556,0.0038743000477552414
base,2022,"(9, 16)",A* (h2),1145.3346608036463,47,242,93,125,1.058143122794621,0.0022231999319046736
base,2022,"(61, 7)",UCS,246.40484134418324,8,545,292,119,2.018421110088366,0.00669079995714128
base,2022,"(61, 7)",A* (h1),246.40484134418324,8,83,27,47,1.5248075923211775,0.0006580001208931208
base,2022,"(61, 7)",A* (h2),246.40484134418324,8,55,24,32,1.426480724900359,0.0005530000198632479
base,2022,"(18, 57)",UCS,1431.7921413431366,45,8325,5630,309,1.1710048457708075,0.12448409991338849
base,2022,"(18, 57)",A* (h1),1431.7921413431366,45,1600,591,392,1.121510887990039,0.014008000027388334
base,2022,"(18, 57)",A* (h2),1431.7921413431366,45,1002,360,326,1.1072490076195298,0.008917200146242976
base,2022,"(70, 69)",UCS,1470.9989330684598,54,8682,5849,309,1.1374977486418474,0.12848259997554123
base,2022,"(70, 69)",A* (h1),1470.9989330684598,54,1150,600,272,1.0876989152790948,0.01338820019736886
base,2022,"(70, 69)",A* (h2),1470.9989330684598,54,804,360,346,1.0786104284046587,0.008312999969348311
base,2023,"(22, 5)",UCS,2493.5943235978043,76,14239,9519,287,1.0987159459984266,0.20456260000355542
base,2023,"(22, 5)",A* (h1),2493.5943235978043,76,6969,3620,670,1.0867569672803956,0.07984089991077781
base,2023,"(22, 5)",A* (h2),2493.5943235978043,76,5744,2899,598,1.0834988634316556,0.06646680017001927
base,2023,"(11, 50)",UCS,1774.7570169320677,66,10929,7185,287,1.111960878948746,0.15621630009263754
base,2023,"(11, 50)",A* (h1),1774.7570169320677,66,1945,960,324,1.0779259403160055,0.0218684000428766
base,2023,"(11, 50)",A* (h2),1774.7570169320677,66,1501,648,500,1.072691709870988,0.015445900149643421
base,2023,"(60, 0)",UCS,1796.9172604445905,64,11041,7263,287,1.1164466309577237,0.1568508001510054
base,2023,"(60, 0)",A* (h1),1796.9172604445905,64,1774,821,419,1.0791578044399976,0.01810570014640689
base,2023,"(60, 0)",A* (h2),1796.9172604445905,64,977,445,332,1.0665949268602062,0.010163199855014682
base,2023,"(9, 7)",UCS,2417.87804660415,74,14051,9407,287,1.101722908002996,0.20143039990216494
base,2023,"(9, 7)",A* (h1),2417.87804660415,74,3435,1547,532,1.0773199161368066,0.034723399905487895
base,2023,"(9, 7)",A* (h2),2417.87804660415,74,2332,1026,501,1.0704811472688243,0.023541400209069252
base,2023,"(44, 13)",UCS,2159.868170894667,67,13103,8686,287,1.113399636999504,0.1876423000358045
base,2023,"(44, 13)",A* (h1),2159.868170894667,67,6859,3662,534,1.1009855899941057,0.08014649990946054
base,2023,"(44, 13)",A* (h2),2159.868170894667,67,6461,3353,672,1.0998342003344643,0.07457260019145906
base,2023,"(47, 18)",UCS,1909.4250888610397,63,11625,7671,287,1.1197609430916486,0.1663265998940915
base,2023,"(47, 18)",A* (h1),1909.4250888610397,63,5164,2772,464,1.1030860778958491,0.06076629995368421
base,2023,"(47, 18)",A* (h2),1909.4250888610397,63,4894,2512,490,1.1019768927488167,0.05679139983840287
base,2023,"(29, 66)",UCS,1202.2468985196917,48,6779,4408,254,1.1521443119146915,0.09634909988380969
base,2023,"(29, 66)",A* (h1),1202.2468985196917,48,573,263,154,1.0822748616564413,0.006076799938455224
base,2023,"(29, 66)",A* (h2),1202.2468985196917,48,403,175,176,1.0718436386263608,0.004095000214874744
base,2023,"(15, 77)",UCS,1979.3085735737538,65,12026,7942,287,1.1159567607334409,0.1708897000644356
base,2023,"(15, 77)",A* (h1),1979.3085735737538,65,4628,2525,342,1.0969767944967272,0.056752200005576015
base,2023,"(15, 77)",A* (h2),1979.3085735737538,65,4554,2289,435,1.0966541830223466,0.053738499991595745
base,2024,"(67, 80)",UCS,685.8088972278429,24,2682,1820,276,1.3083395699657394,0.04093650006689131
base,2024,"(67, 80)",A* (h1),685.8088972278429,24,328,164,117,1.177271931602327,0.0037860998418182135
base,2024,"(67, 80)",A* (h2),685.8088972278429,24,289,126,155,1.1693282882760792,0.0029708000365644693
base,2024,"(9, 34)",UCS,1254.2643645245682,37,7713,5504,327,1.2155208637913686,0.12143389997072518
base,2024,"(9, 34)",A* (h1),1254.2643645245682,37,842,280,350,1.1323188731205671,0.007189699914306402
base,2024,"(9, 34)",A* (h2),1254.2643645245682,37,427,179,195,1.1062315034756658,0.004248499870300293
base,2024,"(32, 39)",UCS,911.7406507871691,33,4648,3205,315,1.227295175176622,0.07088829996064305
base,2024,"(32, 39)",A* (h1),911.7406507871691,33,728,358,176,1.1478376919765654,0.008576099993661046
base,2024,"(32, 39)",A* (h2),911.7406507871691,33,635,290,237,1.1419196247888064,0.006774299778044224
base,2024,"(21, 55)",UCS,703.1956511522202,22,2828,1920,279,1.349725831305343,0.04261900018900633
base,2024,"(21, 55)",A* (h1),703.1956511522202,22,439,150,183,1.2204948096834918,0.0036528001073747873
base,2024,"(21, 55)",A* (h2),703.1956511522202,22,228,109,113,1.1751399848098885,0.0025735998060554266
base,2024,"(31, 60)",UCS,414.587888897081,12,917,622,146,1.631449380364198,0.013889900175854564
base,2024,"(31, 60)",A* (h1),414.587888897081,12,116,34,74,1.3246294636466347,0.000829300144687295
base,2024,"(31, 60)",A* (h2),414.587888897081,12,81,26,54,1.2733728861670899,0.0006383999716490507
base,2024,"(24, 31)",UCS,1175.3628886947502,40,7021,4990,327,1.192212879994529,0.11100430018268526
base,2024,"(24, 31)",A* (h1),1175.3628886947502,40,1140,538,241,1.1298031378418774,0.012328800046816468
base,2024,"(24, 31)",A* (h2),1175.3628886947502,40,892,416,311,1.121270002129668,0.009664000011980534
base,2024,"(90, 91)",UCS,1345.4235359987028,47,8472,6089,327,1.1625193156175848,0.13978530000895262
base,2024,"(90, 91)",A* (h1),1345.4235359987028,47,1184,565,304,1.1061257628662804,0.019364899955689907
base,2024,"(90, 91)",A* (h2),1345.4235359987028,47,771,328,379,1.0935376985273333,0.009927700040861964
base,2024,"(80, 9)",UCS,2071.055173747197,70,13034,9289,327,1.1074323816077047,0.20317890006117523
base,2024,"(80, 9)",A* (h1),2071.055173747197,70,3117,1494,448,1.0811000049753021,0.03333320003002882
base,2024,"(80, 9)",A* (h2),2071.055173747197,70,2461,1140,398,1.076677434899179,0.025972099974751472
base,2025,"(37, 81)",UCS,2726.889139874041,77,8941,5940,247,1.0895009647227123,0.12685230001807213
base,2025,"(37, 81)",A* (h1),2726.889139874041,77,2858,1372,357,1.0704468106461191,0.029950099997222424
base,2025,"(37, 81)",A* (h2),2726.889139874041,77,2154,1100,504,1.0656341033402765,0.03360749990679324
base,2025,"(82, 67)",UCS,3136.0510531059313,86,11921,8050,262,1.0824318763518552,0.17949120001867414
base,2025,"(82, 67)",A* (h1),3136.0510531059313,86,2267,1067,525,1.0577142281103162,0.02289819996803999
base,2025,"(82, 67)",A* (h2),3136.0510531059313,86,1622,757,435,1.0525702935371062,0.016268299892544746
base,2025,"(95, 31)",UCS,3030.824927068969,93,11272,7574,262,1.0742283000130586,0.16269949986599386
base,2025,"(95, 31)",A* (h1),3030.824927068969,93,3201,1733,374,1.0570155416671065,0.03799620014615357
base,2025,"(95, 31)",A* (h2),3030.824927068969,93,2585,1325,504,1.054030696674388,0.029595299856737256
base,2025,"(99, 38)",UCS,3185.6988326831615,97,12173,8236,262,1.0715287749991214,0.17778740008361638
base,2025,"(99, 38)",A* (h1),3185.6988326831615,97,3547,1950,360,1.0554218642526196,0.04236449999734759
base,2025,"(99, 38)",A* (h2),3185.6988326831615,97,2654,1378,579,1.051548805049322,0.03132300009019673
base,2025,"(44, 36)",UCS,2035.290425014529,55,4240,2746,222,1.1173013870735051,0.05621479987166822
base,2025,"(44, 36)",A* (h1),2035.290425014529,55,1633,875,200,1.0942247470337114,0.01802970003336668
base,2025,"(44, 36)",A* (h2),2035.290425014529,55,1405,744,178,1.0905393141687338,0.015401800163090229
base,2025,"(99, 21)",UCS,3021.90400531579,97,11208,7526,262,1.0704635798110806,0.16174979996867478
base,2025,"(99, 21)",A* (h1),3021.90400531579,97,2505,1357,268,1.0507720654119073,0.029421700164675713
base,2025,"(99, 21)",A* (h2),3021.90400531579,97,1960,977,371,1.047452155811769,0.021948799956589937
base,2025,"(83, 69)",UCS,3193.578978080243,88,12210,8262,262,1.080511432243446,0.17888349993154407
base,2025,"(83, 69)",A* (h1),3193.578978080243,88,2426,1139,550,1.057041812417527,0.02452820003964007
base,2025,"(83, 69)",A* (h2),3193.578978080243,88,1733,810,473,1.0520067813659866,0.01736129983328283
base,2025,"(63, 79)",UCS,3159.9951956907157,89,12047,8144,262,1.0792285716684336,0.17500999988988042
base,2025,"(63, 79)",A* (h1),3159.9951956907157,89,4567,2197,611,1.0654173286674928,0.048329100012779236
base,2025,"(63, 79)",A* (h2),3159.9951956907157,89,2831,1480,494,1.0584844999880043,0.03255659993737936
base,2026,"(85, 7)",UCS,2854.3376879379202,80,13773,9304,320,1.0922593186440972,0.2004454000853002
base,2026,"(85, 7)",A* (h1),2854.3376879379202,80,4801,2515,649,1.0755010689972981,0.05593920010142028
base,2026,"(85, 7)",A* (h2),2854.3376879379202,80,3413,1781,495,1.069998428880612,0.04019899992272258
base,2026,"(17, 64)",UCS,490.832413311936,19,1684,1031,174,1.3817900930230516,0.02297290018759668
base,2026,"(17, 64)",A* (h1),490.832413311936,19,167,79,55,1.190787694979007,0.0017933999188244343
base,2026,"(17, 64)",A* (h2),490.832413311936,19,141,60,58,1.1767458553902423,0.001384899951517582
base,2026,"(37, 5)",UCS,2259.3896066704383,86,11713,7739,320,1.0821738685382032,0.16639479994773865
base,2026,"(37, 5)",A* (h1),2259.3896066704383,86,4612,2457,436,1.0684164360916721,0.05808450002223253
base,2026,"(37, 5)",A* (h2),2259.3896066704383,86,4243,2118,496,1.0671712239405582,0.05033849994651973
base,2026,"(7, 91)",UCS,299.58541759106083,9,715,404,123,1.9120489669844312,0.009055800037458539
base,2026,"(7, 91)",A* (h1),299.58541759106083,9,81,22,54,1.4304311223093404,0.0005248000379651785
base,2026,"(7, 91)",A* (h2),299.58541759106083,9,73,18,50,1.4091188456520691,0.00044679990969598293
base,2026,"(63, 48)",UCS,1859.9827212761452,49,8990,5903,290,1.15595627187928,0.12840250018052757
base,2026,"(63, 48)",A* (h1),1859.9827212761452,49,3658,1994,398,1.1315217625921572,0.04459909978322685
base,2026,"(63, 48)",A* (h2),1859.9827212761452,49,3200,1719,353,1.1278717103075437,0.038900700164958835
base,2026,"(36, 55)",UCS,977.5921308564933,28,3875,2404,174,1.2711727586737762,0.05345489992760122
base,2026,"(36, 55)",A* (h1),977.5921308564933,28,1116,539,204,1.2065206249276486,0.012579799862578511
base,2026,"(36, 55)",A* (h2),977.5921308564933,28,928,457,208,1.1969582893580568,0.01108550000935793
base,2026,"(2, 58)",UCS,743.9411808873612,25,2758,1723,174,1.2938874930163276,0.03839559992775321
base,2026,"(2, 58)",A* (h1),743.9411808873612,25,493,192,220,1.1916583435449644,0.004543400136753917
base,2026,"(2, 58)",A* (h2),743.9411808873612,25,154,49,103,1.1214890756999465,0.0011795999016612768
base,2026,"(46, 72)",UCS,922.9466851114403,30,3627,2245,174,1.2448843896850192,0.05011389986611903
base,2026,"(46, 72)",A* (h1),922.9466851114403,30,1019,500,172,1.184155025645698,0.01209129998460412
base,2026,"(46, 72)",A* (h2),922.9466851114403,30,917,438,168,1.1791033376955447,0.010367600014433265
base,2027,"(0, 78)",UCS,2651.910220511803,97,11555,7772,233,1.0708567043013322,0.17107350006699562
base,2027,"(0, 78)",A* (h1),2651.910220511803,97,4644,2358,340,1.058985750036829,0.0537064999807626
base,2027,"(0, 78)",A* (h2),2651.910220511803,97,4259,2135,945,1.0578438996867736,0.04993179999291897
base,2027,"(8, 12)",UCS,3439.1676161013233,114,13990,9539,233,1.060358486826705,0.21004300005733967
base,2027,"(8, 12)",A* (h1),3439.1676161013233,114,11106,5241,729,1.0578443782691827,0.1214743999298662
base,2027,"(8, 12)",A* (h2),3439.1676161013233,114,8958,4165,908,1.0554918988490574,0.09815929993055761
base,2027,"(62, 69)",UCS,1148.811575174887,35,2724,1628,156,1.1895494826874609,0.03580650012008846
base,2027,"(62, 69)",A* (h1),1148.811575174887,35,688,255,280,1.1343126277740871,0.005856700008735061
base,2027,"(62, 69)",A* (h2),1148.811575174887,35,344,151,153,1.10584495881585,0.003557800082489848
base,2027,"(14, 65)",UCS,2372.1290038429943,83,9886,6441,233,1.0832049183400287,0.14289779984392226
base,2027,"(14, 65)",A* (h1),2372.1290038429943,83,3822,2085,345,1.0685924147479169,0.04753870004788041
base,2027,"(14, 65)",A* (h2),2372.1290038429943,83,3483,1767,762,1.067147138854743,0.041800000006332994
base,2027,"(47, 45)",UCS,1891.2086917340482,56,6984,4306,210,1.1263922708567013,0.09622549987398088
base,2027,"(47, 45)",A* (h1),1891.2086917340482,56,2669,1158,428,1.1037646020215388,0.027133400086313486
base,2027,"(47, 45)",A* (h2),1891.2086917340482,56,1694,782,434,1.09293285758835,0.01844289992004633
base,2027,"(28, 19)",UCS,2940.195944171446,91,12924,8745,233,1.0780948480357302,0.19274459988810122
base,2027,"(28, 19)",A* (h1),2940.195944171446,91,8551,3980,553,1.072388092253985,0.09242010000161827
base,2027,"(28, 19)",A* (h2),2940.195944171446,91,7081,3297,632,1.0697675778061233,0.07802369981072843
base,2027,"(38, 33)",UCS,2482.2928762785505,71,10579,6977,233,1.1018493667064346,0.15379390004090965
base,2027,"(38, 33)",A* (h1),2482.2928762785505,71,6476,2968,506,1.0929940840065915,0.0697296999860555
base,2027,"(38, 33)",A* (h2),2482.2928762785505,71,5436,2547,466,1.0898203070001409,0.06630859989672899
base,2027,"(49, 42)",UCS,1933.3212978115582,58,7242,4492,210,1.1218509552978233,0.09989329986274242
base,2027,"(49, 42)",A* (h1),1933.3212978115582,58,2968,1319,478,1.1016726969091144,0.030679999850690365
base,2027,"(49, 42)",A* (h2),1933.3212978115582,58,2082,984,467,1.0935640468263703,0.023224700009450316
base,2028,"(56, 58)",UCS,1098.4660290074812,42,4156,2658,208,1.1638638814629423,0.058970300015062094
base,2028,"(56, 58)",A* (h1),1098.4660290074812,42,634,408,145,1.1022780452076555,0.00935810012742877
base,2028,"(56, 58)",A* (h2),1098.4660290074812,42,533,305,180,1.0964400433490051,0.007270700065419078
base,2028,"(59, 21)",UCS,1257.2225038402528,39,5174,3381,226,1.1876568251578261,0.0740930000320077
base,2028,"(59, 21)",A* (h1),1257.2225038402528,39,1224,535,309,1.1367246448113546,0.012659200001507998
base,2028,"(59, 21)",A* (h2),1257.2225038402528,39,713,358,232,1.1173638538477033,0.008518900023773313
base,2028,"(35, 52)",UCS,1585.2821732937723,63,7468,5089,268,1.1106851937535853,0.11107099987566471
base,2028,"(35, 52)",A* (h1),1585.2821732937723,63,1111,611,238,1.0707951637879423,0.014183599967509508
base,2028,"(35, 52)",A* (h2),1585.2821732937723,63,663,344,207,1.0595228590641508,0.008298899978399277
base,2028,"(23, 43)",UCS,1887.1882016786708,75,9576,6586,268,1.0935881913085765,0.14324799994938076
base,2028,"(23, 43)",A* (h1),1887.1882016786708,75,1380,778,225,1.0599995507001878,0.017678699921816587
base,2028,"(23, 43)",A* (h2),1887.1882016786708,75,970,465,225,1.0536361023490035,0.010871500009670854
base,2028,"(33, 30)",UCS,1782.5062804514598,65,8884,6104,268,1.1099601993747048,0.13211490004323423
base,2028,"(33, 30)",A* (h1),1782.5062804514598,65,2210,1181,330,1.0820756022124178,0.026993999956175685
base,2028,"(33, 30)",A* (h2),1782.5062804514598,65,1606,785,282,1.075546696215536,0.018575199879705906
base,2028,"(38, 49)",UCS,1503.7522186124436,60,6825,4613,268,1.1155793683036894,0.0989695000462234
base,2028,"(38, 49)",A* (h1),1503.7522186124436,60,946,511,221,1.0718755453947457,0.011625099927186966
base,2028,"(38, 49)",A* (h2),1503.7522186124436,60,595,287,235,1.061166673556225,0.006804899778217077
base,2028,"(73, 84)",UCS,1501.1818461487426,44,6799,4594,268,1.1696397397147287,0.09894619998522103
base,2028,"(73, 84)",A* (h1),1501.1818461487426,44,2989,1381,222,1.1444064881195053,0.030539700062945485
base,2028,"(73, 84)",A* (h2),1501.1818461487426,44,2802,1293,209,1.142417724099333,0.029541200026869774
base,2028,"(98, 54)",UCS,97.97424852065278,4,53,31,20,2.3587421653399723,0.0006163001526147127
base,2028,"(98, 54)",A* (h1),97.97424852065278,4,18,5,14,1.6733637392156608,0.00010289996862411499
base,2028,"(98, 54)",A* (h2),97.97424852065278,4,18,5,14,1.6733637392156608,0.00010529998689889908
base,2029,"(41, 82)",UCS,2138.064444748371,81,11429,7272,326,1.0879763221807872,0.1613690999802202
base,2029,"(41, 82)",A* (h1),2138.064444748371,81,2305,1274,423,1.0625968969900261,0.02909050020389259
base,2029,"(41, 82)",A* (h2),2138.064444748371,81,1807,916,390,1.0586350123496795,0.02144909999333322
base,2029,"(28, 32)",UCS,1228.4257446329652,33,4473,2852,285,1.2256505629271266,0.0631077999714762
base,2029,"(28, 32)",A* (h1),1228.4257446329652,33,1829,834,230,1.1873950145190584,0.019052800023928285
base,2029,"(28, 32)",A* (h2),1228.4257446329652,33,1626,762,237,1.1823620965038115,0.0177433998323977
base,2029,"(2, 92)",UCS,2855.4931797522345,95,14633,9619,326,1.075775116085751,0.21251159999519587
base,2029,"(2, 92)",A* (h1),2855.4931797522345,95,5065,2581,810,1.0617027349923667,0.05888250004500151
base,2029,"(2, 92)",A* (h2),2855.4931797522345,95,3273,1568,741,1.0558038115208368,0.03650160017423332
base,2029,"(27, 96)",UCS,2619.672552963417,95,14208,9214,326,1.0753873301328798,0.22113230009563267
base,2029,"(27, 96)",A* (h1),2619.672552963417,95,3771,2086,570,1.0577258803137584,0.046948199858888984
base,2029,"(27, 96)",A* (h2),2619.672552963417,95,2870,1426,736,1.0540119872271805,0.032985900063067675
base,2029,"(75, 4)",UCS,723.7498832006168,22,1709,1100,148,1.3144475986330972,0.024134499952197075
base,2029,"(75, 4)",A* (h1),723.7498832006168,22,311,155,73,1.1966912951921675,0.0033543999306857586
base,2029,"(75, 4)",A* (h2),723.7498832006168,22,278,137,69,1.188920376913823,0.0030049001798033714
base,2029,"(13, 41)",UCS,1623.1928783806777,44,7791,4973,326,1.173816205426378,0.10873250011354685
base,2029,"(13, 41)",A* (h1),1623.1928783806777,44,2331,1079,307,1.1367436318796442,0.02467210008762777
base,2029,"(13, 41)",A* (h2),1623.1928783806777,44,1938,855,307,1.1310367590217785,0.019774399930611253
base,2029,"(3, 88)",UCS,2789.164998496718,94,14570,9551,326,1.076689199722454,0.20945410011336207
base,2029,"(3, 88)",A* (h1),2789.164998496718,94,5370,2794,725,1.0633107038701262,0.06374079990200698
base,2029,"(3, 88)",A* (h2),2789.164998496718,94,3810,1840,785,1.0586393145529711,0.04229590017348528
base,2029,"(79, 99)",UCS,2624.1189088792003,98,14222,9225,326,1.072628240791416,0.2018778999336064
base,2029,"(79, 99)",A* (h1),2624.1189088792003,98,3875,1952,532,1.055870720251637,0.04503879998810589
base,2029,"(79, 99)",A* (h2),2624.1189088792003,98,1653,655,832,1.044517822921046,0.015763800125569105
abrupto,2000,"(23, 37)",UCS,1065.8429140098958,20,1222,809,116,1.3310417104472192,0.015094500035047531
abrupto,2000,"(23, 37)",A* (h1),1065.8429140098958,20,592,410,69,1.2747490293503714,0.008053600089624524
abrupto,2000,"(23, 37)",A* (h2),1065.8429140098958,20,576,397,73,1.2726315532302634,0.007944799959659576
abrupto,2000,"(2, 91)",UCS,2090.9819138606617,51,8120,5304,317,1.1458012797531385,0.11139420000836253
abrupto,2000,"(2, 91)",A* (h1),2090.9819138606617,51,2430,1354,195,1.1143670696922423,0.02701280009932816
abrupto,2000,"(2, 91)",A* (h2),2090.9819138606617,51,2381,1293,194,1.11383174722783,0.025935100158676505
abrupto,2000,"(20, 18)",UCS,1580.9303752314568,38,4174,2795,309,1.186110140183438,0.05673390021547675
abrupto,2000,"(20, 18)",A* (h1),1580.9303752314568,38,950,595,149,1.1321487468770126,0.011931200046092272
abrupto,2000,"(20, 18)",A* (h2),1580.9303752314568,38,851,534,154,1.1280905465547684,0.010922200046479702
abrupto,2000,"(46, 92)",UCS,2433.5792827290516,63,10258,6807,320,1.1171987227885767,0.1433952001389116
abrupto,2000,"(46, 92)",A* (h1),2433.5792827290516,63,3848,2236,306,1.09699757377631,0.044614699902012944
abrupto,2000,"(46, 92)",A* (h2),2433.5792827290516,63,3640,2052,319,1.0958434333020786,0.04167689988389611
abrupto,2000,"(57, 45)",UCS,1775.1114864760075,45,5533,3688,309,1.1587943823456595,0.07579739997163415
abrupto,2000,"(57, 45)",A* (h1),1775.1114864760075,45,1233,770,178,1.1135922381860148,0.01529790018685162
abrupto,2000,"(57, 45)",A* (h2),1775.1114864760075,45,1084,679,196,1.1096586503492412,0.013618700206279755
abrupto,2000,"(50, 68)",UCS,1671.6710229512753,36,4789,3215,309,1.2046363418814474,0.06591559993103147
abrupto,2000,"(50, 68)",A* (h1),1671.6710229512753,36,1358,807,173,1.1558768480556862,0.015603699954226613
abrupto,2000,"(50, 68)",A* (h2),1671.6710229512753,36,1286,768,167,1.1537603151401357,0.015168300131335855
abrupto,2000,"(17, 74)",UCS,1439.5875281781143,27,3190,2117,309,1.2736601535254017,0.04261670005507767
abrupto,2000,"(17, 74)",A* (h1),1439.5875281781143,27,1371,726,141,1.2278508886983712,0.014148699818179011
abrupto,2000,"(17, 74)",A* (h2),1439.5875281781143,27,1350,702,140,1.2270155483832212,0.013966299826279283
abrupto,2000,"(65, 50)",UCS,2000.1694130882468,52,7350,4824,315,1.139817806965024,0.1006967001594603
abrupto,2000,"(65, 50)",A* (h1),2000.1694130882468,52,1775,1061,304,1.1034739035420027,0.021594000048935413
abrupto,2000,"(65, 50)",A* (h2),2000.1694130882468,52,1471,870,272,1.0985985509214014,0.01772750006057322
abrupto,2001,"(48, 33)",UCS,1308.165543173813,47,5232,3516,252,1.1488061238977503,0.07683129981160164
abrupto,2001,"(48, 33)",A* (h1),1308.165543173813,47,1391,755,227,1.1108106033759086,0.017440899973735213
abrupto,2001,"(48, 33)",A* (h2),1308.165543173813,47,1188,604,330,1.1062237060210547,0.014371099881827831
abrupto,2001,"(47, 86)",UCS,1681.3410864638256,48,7886,5380,270,1.1563458531932738,0.11640019994229078
abrupto,2001,"(47, 86)",A* (h1),1681.3410864638256,48,1749,648,472,1.1142934542659542,0.015365999890491366
abrupto,2001,"(47, 86)",A* (h2),1681.3410864638256,48,1081,429,365,1.1006367775035142,0.011033799964934587
abrupto,2001,"(2, 17)",UCS,2795.0050792481434,97,13474,9388,270,1.0728367980513678,0.20301220007240772
abrupto,2001,"(2, 17)",A* (h1),2795.0050792481434,97,7109,3756,532,1.0645614942920403,0.08608360006473958
abrupto,2001,"(2, 17)",A* (h2),2795.0050792481434,97,6408,3276,651,1.06320750549116,0.07706409995444119
abrupto,2001,"(96, 2)",UCS,1331.8292247743652,43,5381,3619,258,1.1672137915232939,0.07822469994425774
abrupto,2001,"(96, 2)",A* (h1),1331.8292247743652,43,1436,810,156,1.1254263455833533,0.017786500044167042
abrupto,2001,"(96, 2)",A* (h2),1331.8292247743652,43,1515,748,189,1.1271338645863662,0.01690449984744191
abrupto,2001,"(42, 54)",UCS,1447.9003544315246,53,6215,4177,265,1.132392389492988,0.09142489987425506
abrupto,2001,"(42, 54)",A* (h1),1447.9003544315246,53,1464,791,294,1.0960661520095987,0.01831310009583831
abrupto,2001,"(42, 54)",A* (h2),1447.9003544315246,53,1380,627,459,1.0945578592475882,0.01502660010010004
abrupto,2001,"(1, 99)",UCS,2890.9656190846845,94,13651,9517,270,1.0758231362932575,0.2035886999219656
abrupto,2001,"(1, 99)",A* (h1),2890.9656190846845,94,6129,2757,752,1.0650989868559795,0.06545610004104674
abrupto,2001,"(1, 99)",A* (h2),2890.9656190846845,94,3831,1644,1180,1.0587144543730052,0.03943620016798377
abrupto,2001,"(20, 25)",UCS,2371.637199579635,81,11584,8050,270,1.0881872471928165,0.17388630006462336
abrupto,2001,"(20, 25)",A* (h1),2371.637199579635,81,6374,3407,426,1.07882331947515,0.12371379998512566
abrupto,2001,"(20, 25)",A* (h2),2371.637199579635,81,6039,3051,457,1.0779723741446876,0.07687280001118779
abrupto,2001,"(22, 19)",UCS,2362.5242094202667,73,11537,8018,270,1.0999765005916915,0.17210659990087152
abrupto,2001,"(22, 19)",A* (h1),2362.5242094202667,73,6407,3367,452,1.0896794938001073,0.07696809992194176
abrupto,2001,"(22, 19)",A* (h2),2362.5242094202667,73,6052,3046,482,1.0886769609263247,0.07170010008849204
abrupto,2002,"(14, 42)",UCS,812.4526296085173,31,2439,1563,142,1.2164895543309795,0.03458229987882078
abrupto,2002,"(14, 42)",A* (h1),812.4526296085173,31,334,158,116,1.1243360959758952,0.003556499956175685
abrupto,2002,"(14, 42)",A* (h2),812.4526296085173,31,233,101,96,1.1071268078318994,0.002310799900442362
abrupto,2002,"(89, 0)",UCS,2307.8637238017045,76,10219,6835,316,1.0931768938715334,0.14582489989697933
abrupto,2002,"(89, 0)",A* (h1),2307.8637238017045,76,3108,1823,222,1.0730604295911395,0.03975400002673268
abrupto,2002,"(89, 0)",A* (h2),2307.8637238017045,76,2869,1560,238,1.0716886380175468,0.03483770019374788
abrupto,2002,"(96, 12)",UCS,2611.1191220502,83,12572,8539,316,1.0868615065321827,0.18474779999814928
abrupto,2002,"(96, 12)",A* (h1),2611.1191220502,83,5534,3155,427,1.07431909341359,0.06993509992025793
abrupto,2002,"(96, 12)",A* (h2),2611.1191220502,83,5153,2848,441,1.073219818578384,0.06372360000386834
abrupto,2002,"(31, 80)",UCS,2029.7526610290217,69,8118,5474,226,1.1005363862785087,0.11767449998296797
abrupto,2002,"(31, 80)",A* (h1),2029.7526610290217,69,3627,1949,357,1.0854486874097957,0.04565720004029572
abrupto,2002,"(31, 80)",A* (h2),2029.7526610290217,69,3170,1593,405,1.0829035202797304,0.037913700100034475
abrupto,2002,"(66, 31)",UCS,1643.8234345075048,53,6123,4028,217,1.1320209937556758,0.08831140003167093
abrupto,2002,"(66, 31)",A* (h1),1643.8234345075048,53,2629,1377,307,1.1108863046085449,0.031317400047555566
abrupto,2002,"(66, 31)",A* (h2),1643.8234345075048,53,2559,1205,404,1.110206992024653,0.028242999920621514
abrupto,2002,"(84, 78)",UCS,2540.5410282161733,73,12061,8161,316,1.1007508815137164,0.17551929992623627
abrupto,2002,"(84, 78)",A* (h1),2540.5410282161733,73,4889,2065,676,1.0849133547398402,0.0489500998519361
abrupto,2002,"(84, 78)",A* (h2),2540.5410282161733,73,3662,1490,670,1.0797919860504832,0.03639110014773905
abrupto,2002,"(15, 15)",UCS,122.80119240148403,4,139,66,56,3.1200996607361215,0.0015137000009417534
abrupto,2002,"(15, 15)",A* (h1),122.80119240148403,4,33,10,23,2.0398021003612965,0.00022939988411962986
abrupto,2002,"(15, 15)",A* (h2),122.80119240148403,4,30,9,22,1.979322713476992,0.0002101999707520008
abrupto,2002,"(92, 54)",UCS,2496.164321426793,80,11727,7916,316,1.0897193342849936,0.16917520016431808
abrupto,2002,"(92, 54)",A* (h1),2496.164321426793,80,5321,2705,483,1.077150414764071,0.06363150011748075
abrupto,2002,"(92, 54)",A* (h2),2496.164321426793,80,4832,2287,602,1.075604175342606,0.05395219987258315
abrupto,2003,"(99, 84)",UCS,1834.6210937417786,72,9850,6629,284,1.098864484214714,0.14681280008517206
abrupto,2003,"(99, 84)",A* (h1),1834.6210937417786,72,1700,919,294,1.0671853524490524,0.02151730004698038
abrupto,2003,"(99, 84)",A* (h2),1834.6210937417786,72,1216,593,311,1.0609501532378305,0.014067299896851182
abrupto,2003,"(88, 23)",UCS,2322.9972392031646,63,12139,8386,284,1.1206467352880494,0.18440680019557476
abrupto,2003,"(88, 23)",A* (h1),2322.9972392031646,63,5251,2114,574,1.103431030399468,0.04999689990654588
abrupto,2003,"(88, 23)",A* (h2),2322.9972392031646,63,3972,1571,588,1.0976554822344733,0.038287100149318576
abrupto,2003,"(57, 1)",UCS,4055.431194130018,104,13441,9377,284,1.066937385923819,0.20000890013761818
abrupto,2003,"(57, 1)",A* (h1),4055.431194130018,104,16710,9053,540,1.069536981564782,0.20238339994102716
abrupto,2003,"(57, 1)",A* (h2),4055.431194130018,104,16632,8911,560,1.0694810062201336,0.2024470001924783
abrupto,2003,"(29, 29)",UCS,1423.37982369519,56,6918,4622,234,1.1261706467629355,0.1011193001177162
abrupto,2003,"(29, 29)",A* (h1),1423.37982369519,56,946,531,193,1.0788326754966087,0.011886000167578459
abrupto,2003,"(29, 29)",A* (h2),1423.37982369519,56,769,343,204,1.073738017605078,0.0081430000718683
abrupto,2003,"(79, 66)",UCS,1629.5442691152082,52,8319,5600,250,1.1429600580919699,0.12255259999074042
abrupto,2003,"(79, 66)",A* (h1),1629.5442691152082,52,2667,1560,290,1.1139666448896932,0.03507249988615513
abrupto,2003,"(79, 66)",A* (h2),1629.5442691152082,52,2589,1389,357,1.1132044409614381,0.03181910002604127
abrupto,2003,"(65, 14)",UCS,3785.0186248864375,96,13285,9252,284,1.0735687798674127,0.20484959986060858
abrupto,2003,"(65, 14)",A* (h1),3785.0186248864375,96,17091,9018,568,1.076840548159932,0.20326670003123581
abrupto,2003,"(65, 14)",A* (h2),3785.0186248864375,96,16512,8890,540,1.0763940145438387,0.20282020000740886
abrupto,2003,"(56, 14)",UCS,2129.4044857809517,71,11669,7950,284,1.103613100358844,0.17284310003742576
abrupto,2003,"(56, 14)",A* (h1),2129.4044857809517,71,4993,2289,472,1.0882753135422591,0.05311349988915026
abrupto,2003,"(56, 14)",A* (h2),2129.4044857809517,71,4129,1931,480,1.0848131168023842,0.045854999916628
abrupto,2003,"(94, 86)",UCS,1694.1739498527763,67,8818,5929,276,1.105813999912051,0.13051460008136928
abrupto,2003,"(94, 86)",A* (h1),1694.1739498527763,67,1349,720,263,1.0691410146905107,0.01674179988913238
abrupto,2003,"(94, 86)",A* (h2),1694.1739498527763,67,960,458,279,1.062259495858965,0.010775800095871091
abrupto,2004,"(96, 25)",UCS,2041.6550342031733,73,12047,8975,332,1.100730797858607,0.19285960006527603
abrupto,2004,"(96, 25)",A* (h1),2041.6550342031733,73,2746,1533,379,1.0746531785661348,0.033967499854043126
abrupto,2004,"(96, 25)",A* (h2),2041.6550342031733,73,2197,1130,408,1.0706419119990584,0.02553570014424622
abrupto,2004,"(49, 49)",UCS,545.3991164045565,16,1491,1082,174,1.4704392545717477,0.02333890018053353
abrupto,2004,"(49, 49)",A* (h1),545.3991164045565,16,333,164,103,1.3157384936880725,0.003540599951520562
abrupto,2004,"(49, 49)",A* (h2),545.3991164045565,16,314,148,107,1.3097924360711584,0.00326809985563159
abrupto,2004,"(63, 77)",UCS,1099.8151447257967,38,5366,3903,321,1.1952305045044915,0.08479300001636147
abrupto,2004,"(63, 77)",A* (h1),1099.8151447257967,38,1045,491,267,1.1356542901964926,0.011436100117862225
abrupto,2004,"(63, 77)",A* (h2),1099.8151447257967,38,881,386,306,1.129369310919595,0.00913110002875328
abrupto,2004,"(75, 87)",UCS,1508.0321893594087,50,8993,6654,332,1.1521212057423789,0.14493579999543726
abrupto,2004,"(75, 87)",A* (h1),1508.0321893594087,50,1772,822,354,1.1087893515830984,0.019112099893391132
abrupto,2004,"(75, 87)",A* (h2),1508.0321893594087,50,1355,608,405,1.1015217519462215,0.014313700143247843
abrupto,2004,"(66, 11)",UCS,1461.4876879326805,43,8616,6357,332,1.1820355412230352,0.13738900003954768
abrupto,2004,"(66, 11)",A* (h1),1461.4876879326805,43,1209,520,332,1.1199259058179998,0.011541499989107251
abrupto,2004,"(66, 11)",A* (h2),1461.4876879326805,43,874,386,262,1.1094880506355174,0.009701899951323867
abrupto,2004,"(70, 79)",UCS,1289.9577810144358,45,7112,5180,328,1.1662981892339521,0.11224679998122156
abrupto,2004,"(70, 79)",A* (h1),1289.9577810144358,45,1287,636,274,1.114897984300916,0.014822500059381127
abrupto,2004,"(70, 79)",A* (h2),1289.9577810144358,45,1126,516,370,1.1108211804581265,0.012151999864727259
abrupto,2004,"(29, 49)",UCS,154.014255846924,5,183,92,62,2.5703531883905155,0.0020445999689400196
abrupto,2004,"(29, 49)",A* (h1),154.014255846924,5,39,12,27,1.7742572035679047,0.00027219997718930244
abrupto,2004,"(29, 49)",A* (h2),154.014255846924,5,39,12,26,1.7742572035679047,0.0002772000152617693
abrupto,2004,"(91, 66)",UCS,1784.5779699285545,66,10659,7932,332,1.1114739901277924,0.16971130017191172
abrupto,2004,"(91, 66)",A* (h1),1784.5779699285545,66,2544,1290,508,1.0833021467496928,0.02981279999949038
abrupto,2004,"(91, 66)",A* (h2),1784.5779699285545,66,1896,876,488,1.0774122446786698,0.020943399984389544
abrupto,2005,"(97, 4)",UCS,2413.6602546124195,85,13047,8587,322,1.0849441212164637,0.18740989989601076
abrupto,2005,"(97, 4)",A* (h1),2413.6602546124195,85,4165,2082,577,1.0678784834686645,0.04926160001195967
abrupto,2005,"(97, 4)",A* (h2),2413.6602546124195,85,3329,1481,883,1.0644777069395042,0.03620480000972748
abrupto,2005,"(48, 1)",UCS,1305.3444216896019,37,6621,4194,322,1.2097934572933111,0.09351429995149374
abrupto,2005,"(48, 1)",A* (h1),1305.3444216896019,37,941,407,281,1.1365399445609512,0.009282000130042434
abrupto,2005,"(48, 1)",A* (h2),1305.3444216896019,37,779,289,322,1.129359274714888,0.006989100016653538
abrupto,2005,"(71, 54)",UCS,1719.160861581724,59,9632,6060,322,1.1256012774749449,0.1341144999023527
abrupto,2005,"(71, 54)",A* (h1),1719.160861581724,59,2664,1338,313,1.0970819690993472,0.0320870999712497
abrupto,2005,"(71, 54)",A* (h2),1719.160861581724,59,2397,1122,469,1.0947113180387782,0.027050399919971824
abrupto,2005,"(80, 21)",UCS,1835.4197800567608,68,10317,6514,322,1.1068760754172842,0.1425904999487102
abrupto,2005,"(80, 21)",A* (h1),1835.4197800567608,68,2065,1040,415,1.0761554133658882,0.024714400060474873
abrupto,2005,"(80, 21)",A* (h2),1835.4197800567608,68,1507,649,393,1.0699919210022637,0.016052199993282557
abrupto,2005,"(89, 72)",UCS,2386.2816640615924,77,12966,8516,322,1.0956287943690997,0.18421519990079105
abrupto,2005,"(89, 72)",A* (h1),2386.2816640615924,77,4920,2400,542,1.079579570144606,0.057213300140574574
abrupto,2005,"(89, 72)",A* (h2),2386.2816640615924,77,4250,1951,566,1.077131170154788,0.04629069985821843
abrupto,2005,"(50, 51)",UCS,1128.9946167274566,38,5374,3409,322,1.1952847979847607,0.07453879993408918
abrupto,2005,"(50, 51)",A* (h1),1128.9946167274566,38,1213,565,289,1.1411252450679163,0.01342739979736507
abrupto,2005,"(50, 51)",A* (h2),1128.9946167274566,38,1063,449,418,1.1362819959522947,0.010709400055930018
abrupto,2005,"(30, 86)",UCS,1583.5408238548687,51,8649,5437,322,1.147438113469204,0.1202736000996083
abrupto,2005,"(30, 86)",A* (h1),1583.5408238548687,51,2579,1310,343,1.1159288233083853,0.030203500064089894
abrupto,2005,"(30, 86)",A* (h2),1583.5408238548687,51,2230,1123,316,1.112109853704303,0.02613160014152527
abrupto,2005,"(55, 42)",UCS,1181.793686283634,43,5768,3667,322,1.1694002991760473,0.0840616999194026
abrupto,2005,"(55, 42)",A* (h1),1181.793686283634,43,1260,604,274,1.1212484720300313,0.014277099864557385
abrupto,2005,"(55, 42)",A* (h2),1181.793686283634,43,1023,467,288,1.1145634071131072,0.011083199875429273
abrupto,2006,"(34, 72)",UCS,1574.838582183949,58,6037,3941,227,1.1177532008548772,0.0867318999953568
abrupto,2006,"(34, 72)",A* (h1),1574.838582183949,58,1237,622,265,1.0815136454928014,0.018323299940675497
abrupto,2006,"(34, 72)",A* (h2),1574.838582183949,58,788,375,264,1.0708830628652064,0.009033400099724531
abrupto,2006,"(87, 6)",UCS,2527.2126252042644,75,12929,8754,310,1.0986769487190648,0.2042887001298368
abrupto,2006,"(87, 6)",A* (h1),2527.2126252042644,75,5131,2954,346,1.0829423650825742,0.07546700001694262
abrupto,2006,"(87, 6)",A* (h2),2527.2126252042644,75,4759,2746,323,1.0816496953956356,0.10487369983457029
abrupto,2006,"(55, 60)",UCS,1140.644128192943,37,3617,2365,163,1.1871470190134557,0.05770379980094731
abrupto,2006,"(55, 60)",A* (h1),1140.644128192943,37,1069,521,262,1.141369530714063,0.012228100094944239
abrupto,2006,"(55, 60)",A* (h2),1140.644128192943,37,869,390,314,1.133518753497996,0.009249099995940924
abrupto,2006,"(15, 40)",UCS,2430.860024019275,77,12445,8308,310,1.0949541984252371,0.22512040007859468
abrupto,2006,"(15, 40)",A* (h1),2430.860024019275,77,5592,2831,513,1.0817152977835987,0.07847449998371303
abrupto,2006,"(15, 40)",A* (h2),2430.860024019275,77,4993,2357,645,1.0798260579966308,0.06176070007495582
abrupto,2006,"(30, 14)",UCS,2311.2193848754905,64,11499,7595,309,1.1172649620288004,0.22759629995562136
abrupto,2006,"(30, 14)",A* (h1),2311.2193848754905,64,3370,1377,592,1.0923943404540104,0.051397399976849556
abrupto,2006,"(30, 14)",A* (h2),2311.2193848754905,64,2418,979,561,1.0855754789633716,0.026030000066384673
abrupto,2006,"(9, 71)",UCS,2188.6641342608063,83,10504,6921,280,1.084128572726359,0.15238969982601702
abrupto,2006,"(9, 71)",A* (h1),2188.6641342608063,83,1936,976,360,1.057903496955126,0.024607399944216013
abrupto,2006,"(9, 71)",A* (h2),2188.6641342608063,83,1207,574,362,1.0503015011410726,0.017497200053185225
abrupto,2006,"(63, 30)",UCS,1605.6087704660745,46,6234,4074,227,1.1579702100662816,0.11474450002424419
abrupto,2006,"(63, 30)",A* (h1),1605.6087704660745,46,2315,1089,301,1.128998629149567,0.02920529991388321
abrupto,2006,"(63, 30)",A* (h2),1605.6087704660745,46,2132,959,318,1.1265763282336914,0.023050399962812662
abrupto,2006,"(35, 59)",UCS,1662.2864262059916,57,6622,4335,239,1.1224391094234027,0.09628180018626153
abrupto,2006,"(35, 59)",A* (h1),1662.2864262059916,57,2010,1039,335,1.0948466383452427,0.024595699971541762
abrupto,2006,"(35, 59)",A* (h2),1662.2864262059916,57,1648,751,374,1.0901845648095396,0.01820269995369017
abrupto,2007,"(21, 86)",UCS,1638.7125610426367,57,5340,3713,217,1.1174953945175645,0.0801772999111563
abrupto,2007,"(21, 86)",A* (h1),1638.7125610426367,57,2091,1115,209,1.0957708844800607,0.025791600113734603
abrupto,2007,"(21, 86)",A* (h2),1638.7125610426367,57,2025,1019,247,1.0950204139026916,0.024305099854245782
abrupto,2007,"(39, 24)",UCS,2720.4292295809605,76,12199,8463,282,1.0961365939214938,0.18334190011955798
abrupto,2007,"(39, 24)",A* (h1),2720.4292295809605,76,8712,4827,648,1.0905049628932657,0.10656889993697405
abrupto,2007,"(39, 24)",A* (h2),2720.4292295809605,76,8578,4493,656,1.0902453226217697,0.10174300009384751
abrupto,2007,"(27, 39)",UCS,2093.9683316782534,61,8386,5775,275,1.117631646556346,0.125547899864614
abrupto,2007,"(27, 39)",A* (h1),2093.9683316782534,61,3373,1552,419,1.0981596484519653,0.036243800073862076
abrupto,2007,"(27, 39)",A* (h2),2093.9683316782534,61,2631,1226,506,1.0927961505676123,0.02916979999281466
abrupto,2007,"(82, 77)",UCS,503.34985797707293,19,1138,697,119,1.348965753256731,0.015778500121086836
abrupto,2007,"(82, 77)",A* (h1),503.34985797707293,19,206,88,103,1.208118372823956,0.0020747999660670757
abrupto,2007,"(82, 77)",A* (h2),503.34985797707293,19,176,64,104,1.1951295118295229,0.0015483999159187078
abrupto,2007,"(48, 6)",UCS,2666.5959394136917,90,11884,8252,282,1.0779748912965035,0.20537200011312962
abrupto,2007,"(48, 6)",A* (h1),2666.5959394136917,90,4262,2321,557,1.0635288075478648,0.08577980007976294
abrupto,2007,"(48, 6)",A* (h2),2666.5959394136917,90,3586,1871,593,1.0610604800404961,0.05116560007445514
abrupto,2007,"(76, 35)",UCS,1651.6806400180467,61,5414,3762,227,1.1083065641511345,0.1156840999610722
abrupto,2007,"(76, 35)",A* (h1),1651.6806400180467,61,1789,1001,257,1.0844038395586244,0.024822100065648556
abrupto,2007,"(76, 35)",A* (h2),1651.6806400180467,61,1430,756,265,1.0794849293904358,0.01770960004068911
abrupto,2007,"(66, 23)",UCS,2052.982019786497,73,8059,5562,262,1.0937049366817688,0.12687609996646643
abrupto,2007,"(66, 23)",A* (h1),2052.982019786497,73,2578,1513,310,1.0735206938652782,0.034983100136741996
abrupto,2007,"(66, 23)",A* (h2),2052.982019786497,73,2196,1208,352,1.0706341139839637,0.02957689994946122
abrupto,2007,"(1, 18)",UCS,2990.2722316068975,88,13209,9292,282,1.0816338902850222,0.1979680999647826
abrupto,2007,"(1, 18)",A* (h1),2990.2722316068975,88,6374,3017,536,1.0711792359080958,0.07270290004089475
abrupto,2007,"(1, 18)",A* (h2),2990.2722316068975,88,5245,2404,572,1.0683560539025727,0.060801499988883734
abrupto,2008,"(40, 5)",UCS,1262.1095118092396,38,3157,2208,188,1.1759731969087142,0.04971519997343421
abrupto,2008,"(40, 5)",A* (h1),1262.1095118092396,38,1600,886,175,1.1512488500323164,0.022449499927461147
abrupto,2008,"(40, 5)",A* (h2),1262.1095118092396,38,1595,840,205,1.15113490948447,0.019057200057432055
abrupto,2008,"(1, 47)",UCS,1229.2879390346548,40,2971,2093,172,1.162779778921752,0.048186499858275056
abrupto,2008,"(1, 47)",A* (h1),1229.2879390346548,40,1068,608,143,1.1275384450249342,0.015092300018295646
abrupto,2008,"(1, 47)",A* (h2),1229.2879390346548,40,996,539,182,1.1251124934354684,0.012844800017774105
abrupto,2008,"(84, 88)",UCS,2999.6651803298932,86,13186,9253,353,1.0839066721806012,0.20361900003626943
abrupto,2008,"(84, 88)",A* (h1),2999.6651803298932,86,7225,3148,687,1.0750739778829512,0.08682990004308522
abrupto,2008,"(84, 88)",A* (h2),2999.6651803298932,86,5851,2505,660,1.0719539923739205,0.06361830001696944
abrupto,2008,"(76, 12)",UCS,2406.225777148706,75,9611,6836,329,1.0936505889481234,0.1469147999305278
abrupto,2008,"(76, 12)",A* (h1),2406.225777148706,75,4735,2736,268,1.0815625902944492,0.06229919986799359
abrupto,2008,"(76, 12)",A* (h2),2406.225777148706,75,4645,2562,293,1.0812333446567892,0.05860470002517104
abrupto,2008,"(69, 4)",UCS,2168.6321866174458,65,7615,5437,274,1.106901466588138,0.11803929996676743
abrupto,2008,"(69, 4)",A* (h1),2168.6321866174458,65,3522,2050,244,1.0914996183623185,0.04583050007931888
abrupto,2008,"(69, 4)",A* (h2),2168.6321866174458,65,3421,1912,283,1.0909140862277162,0.046760200057178736
abrupto,2008,"(4, 86)",UCS,2354.812869694636,79,9128,6513,304,1.0870768062043457,0.13820980000309646
abrupto,2008,"(4, 86)",A* (h1),2354.812869694636,79,3486,2010,307,1.071462062864499,0.04444800014607608
abrupto,2008,"(4, 86)",A* (h2),2354.812869694636,79,3169,1742,353,1.0698963342162058,0.046198799973353744
abrupto,2008,"(89, 66)",UCS,2640.738495587476,81,11828,8277,353,1.0885123694678205,0.17919170018285513
abrupto,2008,"(89, 66)",A* (h1),2640.738495587476,81,4746,1937,540,1.0741630287375972,0.04684399999678135
abrupto,2008,"(89, 66)",A* (h2),2640.738495587476,81,3101,1390,608,1.0673780633468697,0.03354349988512695
abrupto,2008,"(67, 82)",UCS,2522.6988109704257,76,10783,7585,353,1.0940751983566996,0.16260819998569787
abrupto,2008,"(67, 82)",A* (h1),2522.6988109704257,76,4686,1867,567,1.0800557285843941,0.04538389993831515
abrupto,2008,"(67, 82)",A* (h2),2522.6988109704257,76,3153,1394,555,1.073307319879945,0.034433200024068356
abrupto,2009,"(77, 95)",UCS,1605.9485045889533,38,2336,1586,163,1.165031069074371,0.03219359996728599
abrupto,2009,"(77, 95)",A* (h1),1605.9485045889533,38,1128,600,118,1.138461273015478,0.012547600083053112
abrupto,2009,"(77, 95)",A* (h2),1605.9485045889533,38,1070,552,116,1.136523317959073,0.011213100049644709
abrupto,2009,"(21, 30)",UCS,3213.613729656449,71,10937,7891,284,1.1024484148878062,0.1650217000860721
abrupto,2009,"(21, 30)",A* (h1),3213.613729656449,71,4640,2579,470,1.086940128195482,0.08165810001082718
abrupto,2009,"(21, 30)",A* (h2),3213.613729656449,71,4199,2314,423,1.0851192867201942,0.07556760008446872
abrupto,2009,"(60, 35)",UCS,2563.382218922927,53,7191,5085,248,1.1360195291167476,0.10693980008363724
abrupto,2009,"(60, 35)",A* (h1),2563.382218922927,53,3041,1865,293,1.1145433829222595,0.037994900019839406
abrupto,2009,"(60, 35)",A* (h2),2563.382218922927,53,2832,1711,294,1.1127553610429803,0.03477940009906888
abrupto,2009,"(9, 19)",UCS,3572.0735778834223,87,12368,8910,284,1.0818182457456391,0.18526259995996952
abrupto,2009,"(9, 19)",A* (h1),3572.0735778834223,87,4974,2748,518,1.0685515985597867,0.0571516000200063
abrupto,2009,"(9, 19)",A* (h2),3572.0735778834223,87,4377,2394,419,1.0666685270459664,0.05066070007160306
abrupto,2009,"(98, 57)",UCS,1387.0192366786778,27,1436,964,124,1.230356295089543,0.017436400055885315
abrupto,2009,"(98, 57)",A* (h1),1387.0192366786778,27,886,516,91,1.2042403229013503,0.010479999938979745
abrupto,2009,"(98, 57)",A* (h2),1387.0192366786778,27,877,500,89,1.2036878928458394,0.009759500157088041
abrupto,2009,"(42, 96)",UCS,2145.4705371447717,54,5034,3563,193,1.1242186086284605,0.0741694001480937
abrupto,2009,"(42, 96)",A* (h1),2145.4705371447717,54,1971,1033,271,1.1011655188609262,0.022335699992254376
abrupto,2009,"(42, 96)",A* (h2),2145.4705371447717,54,1793,909,297,1.0988144656194714,0.0194669000338763
abrupto,2009,"(39, 3)",UCS,3237.8108483892033,81,11041,7973,284,1.087437847276849,0.17781500006094575
abrupto,2009,"(39, 3)",A* (h1),3237.8108483892033,81,2717,1585,395,1.0652532867711058,0.03330669994466007
abrupto,2009,"(39, 3)",A* (h2),3237.8108483892033,81,2276,1289,433,1.062391739793827,0.026706499978899956
abrupto,2009,"(90, 43)",UCS,1724.8766081163137,34,2936,2011,193,1.1998269008917701,0.03983919997699559
abrupto,2009,"(90, 43)",A* (h1),1724.8766081163137,34,1074,676,106,1.1582321212761695,0.01308730011805892
abrupto,2009,"(90, 43)",A* (h2),1724.8766081163137,34,990,634,88,1.1548473877598637,0.012569800019264221
abrupto,2010,"(24, 74)",UCS,1574.8124275522375,57,6282,4365,256,1.121228996243791,0.0892468998208642
abrupto,2010,"(24, 74)",A* (h1),1574.8124275522375,57,1320,670,191,1.0849406446812595,0.014781499980017543
abrupto,2010,"(24, 74)",A* (h2),1574.8124275522375,57,1044,510,179,1.0793527570632575,0.011608499800786376
abrupto,2010,"(77, 18)",UCS,1776.023041699044,61,7756,5455,281,1.1159704869124036,0.11448169988580048
abrupto,2010,"(77, 18)",A* (h1),1776.023041699044,61,1919,1060,277,1.0859366196504425,0.02281090011820197
abrupto,2010,"(77, 18)",A* (h2),1776.023041699044,61,1613,862,255,1.0821338132186185,0.019644299987703562
abrupto,2010,"(24, 49)",UCS,1895.8947723011277,57,8814,6201,319,1.128994253829339,0.13081140001304448
abrupto,2010,"(24, 49)",A* (h1),1895.8947723011277,57,3263,1597,338,1.1061275106437272,0.03557399986311793
abrupto,2010,"(24, 49)",A* (h2),1895.8947723011277,57,2925,1386,363,1.1035910764274224,0.03284669993445277
abrupto,2010,"(85, 64)",UCS,424.1228883277627,15,813,485,143,1.4454599639319532,0.01059459988027811
abrupto,2010,"(85, 64)",A* (h1),424.1228883277627,15,126,51,67,1.2399909451471849,0.0011215000413358212
abrupto,2010,"(85, 64)",A* (h2),424.1228883277627,15,106,38,63,1.2211053133419998,0.0008667998481541872
abrupto,2010,"(32, 39)",UCS,1681.3187356519977,49,7007,4913,263,1.1491960011926219,0.10305679985322058
abrupto,2010,"(32, 39)",A* (h1),1681.3187356519977,49,1936,788,449,1.1140963185363364,0.018307599937543273
abrupto,2010,"(32, 39)",A* (h2),1681.3187356519977,49,1440,573,517,1.105919794029615,0.013542799977585673
abrupto,2010,"(76, 10)",UCS,1991.8656306239022,69,9632,6787,323,1.103715322001996,0.14437810005620122
abrupto,2010,"(76, 10)",A* (h1),1991.8656306239022,69,2453,1314,328,1.078033141547907,0.02959779999218881
abrupto,2010,"(76, 10)",A* (h2),1991.8656306239022,69,1992,1069,280,1.074051221151505,0.023769100196659565
abrupto,2010,"(92, 15)",UCS,1708.8362717437756,64,7209,5059,264,1.1078497087635601,0.10454169986769557
abrupto,2010,"(92, 15)",A* (h1),1708.8362717437756,64,1291,667,219,1.072502867741224,0.0157105999533087
abrupto,2010,"(92, 15)",A* (h2),1708.8362717437756,64,965,438,254,1.066330350177853,0.010164699982851744
abrupto,2010,"(58, 77)",UCS,750.2408799129504,25,2425,1583,217,1.2861978039286088,0.03409289987757802
abrupto,2010,"(58, 77)",A* (h1),750.2408799129504,25,651,329,108,1.2081512030945338,0.007342400029301643
abrupto,2010,"(58, 77)",A* (h2),750.2408799129504,25,619,302,115,1.2051636200652414,0.006970199989154935
abrupto,2011,"(25, 56)",UCS,1217.50137279415,39,3074,1925,150,1.169313102523528,0.043226700043305755
abrupto,2011,"(25, 56)",A* (h1),1217.50137279415,39,1336,631,283,1.1398403491939169,0.01590680005028844
abrupto,2011,"(25, 56)",A* (h2),1217.50137279415,39,1232,519,386,1.1369572688206362,0.012161700055003166
abrupto,2011,"(71, 18)",UCS,2767.7056607809864,84,12510,8114,335,1.0855375900267674,0.1782480999827385
abrupto,2011,"(71, 18)",A* (h1),2767.7056607809864,84,5585,2545,474,1.0733664132705463,0.05951709998771548
abrupto,2011,"(71, 18)",A* (h2),2767.7056607809864,84,4168,1884,548,1.068899893204562,0.044712399831041694
abrupto,2011,"(24, 10)",UCS,2451.605944525749,85,9936,6349,296,1.080905371152518,0.14024239988066256
abrupto,2011,"(24, 10)",A* (h1),2451.605944525749,85,3902,2236,353,1.0668905580041081,0.051406800048425794
abrupto,2011,"(24, 10)",A* (h2),2451.605944525749,85,3999,2045,566,1.0672625180944633,0.0473539000377059
abrupto,2011,"(68, 81)",UCS,1798.1790269345338,64,5940,3776,210,1.1039314042993964,0.0855602000374347
abrupto,2011,"(68, 81)",A* (h1),1798.1790269345338,64,2305,1186,288,1.0845873383518807,0.027602299815043807
abrupto,2011,"(68, 81)",A* (h2),1798.1790269345338,64,2093,990,359,1.0825923743237795,0.023246200056746602
abrupto,2011,"(75, 14)",UCS,2912.9395385111243,88,13191,8604,335,1.0816145657412946,0.18757169996388257
abrupto,2011,"(75, 14)",A* (h1),2912.9395385111243,88,5942,2731,490,1.0701645472171917,0.06403060001321137
abrupto,2011,"(75, 14)",A* (h2),2912.9395385111243,88,4545,2075,608,1.066273549113998,0.04908120003528893
abrupto,2011,"(85, 70)",UCS,2315.19680332285,81,8910,5685,251,1.084084452078356,0.124814199982211
abrupto,2011,"(85, 70)",A* (h1),2315.19680332285,81,3662,1911,331,1.07003801913321,0.04415039997547865
abrupto,2011,"(85, 70)",A* (h2),2315.19680332285,81,3314,1585,547,1.068441921436324,0.0381827000528574
abrupto,2011,"(87, 38)",UCS,2981.0739335080816,84,13462,8800,335,1.0866368639349266,0.19424499990418553
abrupto,2011,"(87, 38)",A* (h1),2981.0739335080816,84,8677,4183,553,1.0800367467361416,0.09921399992890656
abrupto,2011,"(87, 38)",A* (h2),2981.0739335080816,84,7956,3793,622,1.0787282621022942,0.09188640001229942
abrupto,2011,"(62, 68)",UCS,1719.3938932476065,58,5541,3521,210,1.1158198852029722,0.07867249986156821
abrupto,2011,"(62, 68)",A* (h1),1719.3938932476065,58,2362,1128,318,1.0964576510346906,0.02709529991261661
abrupto,2011,"(62, 68)",A* (h2),1719.3938932476065,58,2052,912,561,1.0932306223705133,0.021828999975696206
abrupto,2012,"(86, 36)",UCS,899.1756829754648,31,4405,2931,262,1.2437322727194178,0.0679725999943912
abrupto,2012,"(86, 36)",A* (h1),899.1756829754648,31,854,381,190,1.1681729610918221,0.008873899932950735
abrupto,2012,"(86, 36)",A* (h2),899.1756829754648,31,698,311,172,1.1588365043111977,0.007811499992385507
abrupto,2012,"(45, 49)",UCS,698.0594317487829,24,2999,1934,262,1.315378509633272,0.046234400011599064
abrupto,2012,"(45, 49)",A* (h1),698.0594317487829,24,436,200,126,1.1950583923070446,0.005528999958187342
abrupto,2012,"(45, 49)",A* (h2),698.0594317487829,24,339,165,121,1.1793382635942757,0.0037839000578969717
abrupto,2012,"(23, 88)",UCS,1947.1781356890572,63,12808,8724,338,1.1217445205851764,0.19952629995532334
abrupto,2012,"(23, 88)",A* (h1),1947.1781356890572,63,3648,1709,440,1.0958893730819195,0.044578200206160545
abrupto,2012,"(23, 88)",A* (h2),1947.1781356890572,63,2972,1385,539,1.0916227521805832,0.03531189984641969
abrupto,2012,"(45, 66)",UCS,1144.1494601208155,41,6360,4278,303,1.1830703350882366,0.09483129996806383
abrupto,2012,"(45, 66)",A* (h1),1144.1494601208155,41,987,567,199,1.1207868323059043,0.012929900083690882
abrupto,2012,"(45, 66)",A* (h2),1144.1494601208155,41,899,465,192,1.117617758274368,0.011687499936670065
abrupto,2012,"(28, 86)",UCS,1865.5267275390415,61,12253,8340,338,1.125683361415946,0.2147603000048548
abrupto,2012,"(28, 86)",A* (h1),1865.5267275390415,61,3568,1721,425,1.0993689027571958,0.04112810012884438
abrupto,2012,"(28, 86)",A* (h2),1865.5267275390415,61,2981,1420,462,1.095496101893767,0.0338108001742512
abrupto,2012,"(10, 67)",UCS,1616.3543301858583,50,10293,7036,338,1.1557003467675548,0.15332270017825067
abrupto,2012,"(10, 67)",A* (h1),1616.3543301858583,50,1713,705,403,1.107874266237577,0.016501199919730425
abrupto,2012,"(10, 67)",A* (h2),1616.3543301858583,50,1128,454,381,1.0965235914329563,0.010922100162133574
abrupto,2012,"(36, 12)",UCS,613.2869017955188,19,2351,1505,244,1.4100201583773337,0.03332839999347925
abrupto,2012,"(36, 12)",A* (h1),613.2869017955188,19,437,170,165,1.2698927108677398,0.003982699941843748
abrupto,2012,"(36, 12)",A* (h2),613.2869017955188,19,308,132,131,1.2411809952482322,0.003210499882698059
abrupto,2012,"(7, 28)",UCS,1447.6904464776958,48,8782,6010,309,1.1593337405489645,0.13200280000455678
abrupto,2012,"(7, 28)",A* (h1),1447.6904464776958,48,1832,994,236,1.1156009403890508,0.02300640009343624
abrupto,2012,"(7, 28)",A* (h2),1447.6904464776958,48,1558,813,239,1.1110265146458125,0.018127300078049302
abrupto,2013,"(47, 88)",UCS,1459.375974992596,52,3493,2488,156,1.1208770370937748,0.05417159991338849
abrupto,2013,"(47, 88)",A* (h1),1459.375974992596,52,1259,759,200,1.0945398447140988,0.01701899990439415
abrupto,2013,"(47, 88)",A* (h2),1459.375974992596,52,1028,526,220,1.0892222655837895,0.013705600053071976
abrupto,2013,"(26, 20)",UCS,3085.3585804111144,98,11945,8757,260,1.0704062777931145,0.19763239985331893
abrupto,2013,"(26, 20)",A* (h1),3085.3585804111144,98,8832,4564,621,1.0665438795821034,0.11769289989024401
abrupto,2013,"(26, 20)",A* (h2),3085.3585804111144,98,8368,4016,846,1.0658516762177772,0.11569639993831515
abrupto,2013,"(94, 3)",UCS,2575.4909542188766,86,9515,6998,260,1.0791268797441402,0.1800398000050336
abrupto,2013,"(94, 3)",A* (h1),2575.4909542188766,86,3452,1896,339,1.0640794891544987,0.048755399882793427
abrupto,2013,"(94, 3)",A* (h2),2575.4909542188766,86,3377,1685,348,1.0637494512422494,0.04625389981083572
abrupto,2013,"(96, 81)",UCS,223.69025421218043,8,207,108,54,1.753908582188922,0.0033956000115722418
abrupto,2013,"(96, 81)",A* (h1),223.69025421218043,8,49,20,24,1.3992694574689915,0.00045989989303052425
abrupto,2013,"(96, 81)",A* (h2),223.69025421218043,8,47,17,31,1.3894865147947568,0.0004189000464975834
abrupto,2013,"(63, 23)",UCS,2169.762242922218,69,7191,5164,229,1.0982782314283959,0.1473322999663651
abrupto,2013,"(63, 23)",A* (h1),2169.762242922218,69,3465,1624,441,1.0845857193006383,0.06631179992109537
abrupto,2013,"(63, 23)",A* (h2),2169.762242922218,69,2961,1290,469,1.0816113487433932,0.0466735998634249
abrupto,2013,"(53, 42)",UCS,2154.1206674498094,57,7113,5102,229,1.1240806292377297,0.19695789995603263
abrupto,2013,"(53, 42)",A* (h1),2154.1206674498094,57,4691,2409,368,1.114512471790393,0.1262117000296712
abrupto,2013,"(53, 42)",A* (h2),2154.1206674498094,57,4595,2244,475,1.1140359057269131,0.07442670012824237
abrupto,2013,"(19, 76)",UCS,2201.024971052381,80,7359,5290,229,1.0823286074639276,0.13044280000030994
abrupto,2013,"(19, 76)",A* (h1),2201.024971052381,80,2457,1458,317,1.0646482100745445,0.03438840014860034
abrupto,2013,"(19, 76)",A* (h2),2201.024971052381,80,2111,1031,375,1.062156769384802,0.034924799809232354
abrupto,2013,"(27, 20)",UCS,3097.480504209314,98,11990,8791,260,1.070454269187541,0.19660559995099902
abrupto,2013,"(27, 20)",A* (h1),3097.480504209314,98,9166,4741,610,1.0670199160540539,0.10538730002008379
abrupto,2013,"(27, 20)",A* (h2),3097.480504209314,98,8865,4275,758,1.06659176178227,0.09898209990933537
abrupto,2014,"(74, 18)",UCS,1222.5045446375473,38,7457,4807,456,1.2071868624789426,0.10846500005573034
abrupto,2014,"(74, 18)",A* (h1),1222.5045446375473,38,1372,639,253,1.145633470932132,0.014789900043979287
abrupto,2014,"(74, 18)",A* (h2),1222.5045446375473,38,1129,552,294,1.1384935890557735,0.013712899992242455
abrupto,2014,"(71, 44)",UCS,957.1106750499753,32,4333,2764,348,1.2332859836425667,0.059383400017395616
abrupto,2014,"(71, 44)",A* (h1),957.1106750499753,32,534,255,131,1.1401659492216671,0.005686300108209252
abrupto,2014,"(71, 44)",A* (h2),957.1106750499753,32,395,176,137,1.1265177287720491,0.0039882001001387835
abrupto,2014,"(91, 88)",UCS,1988.1398246634092,52,13399,9285,456,1.1550448850589325,0.20186390005983412
abrupto,2014,"(91, 88)",A* (h1),1988.1398246634092,52,2827,1077,565,1.1154617124702413,0.02510930015705526
abrupto,2014,"(91, 88)",A* (h2),1988.1398246634092,52,1804,712,454,1.1038934087075554,0.016784799983724952
abrupto,2014,"(38, 5)",UCS,1242.6298708615118,33,7687,4987,456,1.2489068973517197,0.1083429001737386
abrupto,2014,"(38, 5)",A* (h1),1242.6298708615118,33,1655,885,295,1.183118177296552,0.018408600008115172
abrupto,2014,"(38, 5)",A* (h2),1242.6298708615118,33,1521,769,318,1.179505465972509,0.01845510001294315
abrupto,2014,"(46, 41)",UCS,310.0387435365301,7,353,196,100,2.1099563495171103,0.003881900105625391
abrupto,2014,"(46, 41)",A* (h1),310.0387435365301,7,66,25,37,1.583345738202195,0.00047309999354183674
abrupto,2014,"(46, 41)",A* (h2),310.0387435365301,7,56,20,33,1.5363087777857607,0.0003708999138325453
abrupto,2014,"(53, 3)",UCS,1161.1227303337023,35,6661,4268,412,1.2252875291588825,0.09461010014638305
abrupto,2014,"(53, 3)",A* (h1),1161.1227303337023,35,925,464,208,1.1462851009525585,0.013036600081250072
abrupto,2014,"(53, 3)",A* (h2),1161.1227303337023,35,800,375,200,1.140423284072504,0.008254899876192212
abrupto,2014,"(26, 46)",UCS,582.2549141319895,17,1500,920,194,1.4331830067290188,0.019575099926441908
abrupto,2014,"(26, 46)",A* (h1),582.2549141319895,17,271,129,100,1.27038574250586,0.0025513998698443174
abrupto,2014,"(26, 46)",A* (h2),582.2549141319895,17,235,107,96,1.2570217925783078,0.002122800098732114
abrupto,2014,"(63, 31)",UCS,782.911556543046,27,2790,1768,274,1.2663669912081836,0.03764960006810725
abrupto,2014,"(63, 31)",A* (h1),782.911556543046,27,428,203,125,1.1647336780732886,0.004534299951046705
abrupto,2014,"(63, 31)",A* (h2),782.911556543046,27,301,140,125,1.145418276189345,0.003244900144636631
abrupto,2015,"(96, 79)",UCS,1751.4060974106264,51,13162,8604,433,1.1583186653710675,0.19831379991956055
abrupto,2015,"(96, 79)",A* (h1),1751.4060974106264,51,1807,787,374,1.1065661075841002,0.019811500096693635
abrupto,2015,"(96, 79)",A* (h2),1751.4060974106264,51,1331,585,369,1.0984572377117283,0.015532999997958541
abrupto,2015,"(45, 40)",UCS,359.6207041196556,9,616,360,140,1.8763076027538537,0.007810999872162938
abrupto,2015,"(45, 40)",A* (h1),359.6207041196556,9,159,75,65,1.5715115308043108,0.0018271999433636665
abrupto,2015,"(45, 40)",A* (h2),359.6207041196556,9,153,72,67,1.5633086246974859,0.0015024000313133001
abrupto,2015,"(93, 92)",UCS,1944.6521300986815,56,14075,9275,433,1.1427513341798365,0.21114680008031428
abrupto,2015,"(93, 92)",A* (h1),1944.6521300986815,56,2604,1138,463,1.1031804888278431,0.02965829987078905
abrupto,2015,"(93, 92)",A* (h2),1944.6521300986815,56,1919,801,467,1.0959168599376043,0.019109999993816018
abrupto,2015,"(30, 83)",UCS,1558.115199588492,47,11840,7636,433,1.1720367928250526,0.17591580003499985
abrupto,2015,"(30, 83)",A* (h1),1558.115199588492,47,2483,1169,311,1.127517497193606,0.027837600093334913
abrupto,2015,"(30, 83)",A* (h2),1558.115199588492,47,2159,1043,345,1.1235023255886722,0.02444629999808967
abrupto,2015,"(77, 9)",UCS,1108.701313215881,30,7116,4453,433,1.277336384606854,0.10561469988897443
abrupto,2015,"(77, 9)",A* (h1),1108.701313215881,30,515,196,210,1.151338668786582,0.004874800099059939
abrupto,2015,"(77, 9)",A* (h2),1108.701313215881,30,368,133,175,1.1349959776826524,0.0030047001782804728
abrupto,2015,"(79, 22)",UCS,1031.7843447678868,32,6182,3833,428,1.2491077021174513,0.08965750015340745
abrupto,2015,"(79, 22)",A* (h1),1031.7843447678868,32,792,355,203,1.157840034491559,0.008341799955815077
abrupto,2015,"(79, 22)",A* (h2),1031.7843447678868,32,599,266,239,1.1453337153106267,0.0060005998238921165
abrupto,2015,"(50, 75)",UCS,1159.1790581807988,39,7717,4850,433,1.2017480039465818,0.11168399988673627
abrupto,2015,"(50, 75)",A* (h1),1159.1790581807988,39,1094,557,215,1.13272285950185,0.01334629999473691
abrupto,2015,"(50, 75)",A* (h2),1159.1790581807988,39,879,447,187,1.1248944672601215,0.010361799970269203
abrupto,2015,"(22, 57)",UCS,971.3332976176316,29,5446,3369,388,1.276203507496855,0.07709100004285574
abrupto,2015,"(22, 57)",A* (h1),971.3332976176316,29,464,192,207,1.1532824895575486,0.004164300160482526
abrupto,2015,"(22, 57)",A* (h2),971.3332976176316,29,319,127,156,1.134305790975055,0.00278639979660511
abrupto,2016,"(21, 24)",UCS,1538.8825783824536,44,10704,7371,443,1.183558803123667,0.1638736999593675
abrupto,2016,"(21, 24)",A* (h1),1538.8825783824536,44,2542,1305,238,1.139416538161322,0.029268300160765648
abrupto,2016,"(21, 24)",A* (h2),1538.8825783824536,44,2323,1190,251,1.136637065523157,0.026353899855166674
abrupto,2016,"(96, 60)",UCS,982.6641964325106,33,4684,3141,319,1.2276258442523702,0.07077429979108274
abrupto,2016,"(96, 60)",A* (h1),982.6641964325106,33,882,387,215,1.156116735778641,0.00905100000090897
abrupto,2016,"(96, 60)",A* (h2),982.6641964325106,33,651,313,264,1.1429982469405466,0.007433800026774406
abrupto,2016,"(66, 15)",UCS,1311.9257338304394,42,8061,5435,382,1.1852953447066876,0.12247039983049035
abrupto,2016,"(66, 15)",A* (h1),1311.9257338304394,42,1631,886,224,1.1334850633860123,0.019271999830380082
abrupto,2016,"(66, 15)",A* (h2),1311.9257338304394,42,1530,796,215,1.1313960013446034,0.017336799995973706
abrupto,2016,"(33, 82)",UCS,1321.078712216924,41,8162,5504,382,1.1913695503434627,0.1231432999484241
abrupto,2016,"(33, 82)",A* (h1),1321.078712216924,41,1456,632,243,1.133902240906666,0.015222600195556879
abrupto,2016,"(33, 82)",A* (h2),1321.078712216924,41,1169,491,260,1.1265093937428994,0.013016900047659874
abrupto,2016,"(23, 46)",UCS,1048.1982756600587,40,5345,3559,358,1.1828788378261983,0.07970690005458891
abrupto,2016,"(23, 46)",A* (h1),1048.1982756600587,40,524,274,158,1.1025451585855266,0.006721900077536702
abrupto,2016,"(23, 46)",A* (h2),1048.1982756600587,40,369,184,138,1.0899716165882185,0.004717499949038029
abrupto,2016,"(40, 18)",UCS,1138.7506853584005,38,6251,4181,364,1.2007747551623453,0.09219019999727607
abrupto,2016,"(40, 18)",A* (h1),1138.7506853584005,38,994,529,184,1.1338151533161236,0.011306099826470017
abrupto,2016,"(40, 18)",A* (h2),1138.7506853584005,38,905,472,187,1.1303603961945319,0.010360800195485353
abrupto,2016,"(60, 73)",UCS,778.7487131680161,29,2860,1970,262,1.2439728671069055,0.042207099962979555
abrupto,2016,"(60, 73)",A* (h1),778.7487131680161,29,399,198,112,1.1456660307540578,0.005002900026738644
abrupto,2016,"(60, 73)",A* (h2),778.7487131680161,29,284,125,93,1.1283685341413556,0.002887600101530552
abrupto,2016,"(25, 54)",UCS,1060.4837535270658,38,5468,3641,358,1.1959145494859444,0.07945610000751913
abrupto,2016,"(25, 54)",A* (h1),1060.4837535270658,38,859,441,178,1.1284361001028818,0.009991600178182125
abrupto,2016,"(25, 54)",A* (h2),1060.4837535270658,38,720,353,224,1.1219042180203966,0.008719300152733922
abrupto,2017,"(36, 21)",UCS,2164.6122353317032,62,11298,7763,304,1.1215257111486765,0.17005560011602938
abrupto,2017,"(36, 21)",A* (h1),2164.6122353317032,62,4764,2542,537,1.1034577928507607,0.059232600033283234
abrupto,2017,"(36, 21)",A* (h2),2164.6122353317032,62,4035,2092,541,1.0999601686247291,0.04757579998113215
abrupto,2017,"(8, 40)",UCS,2318.024161153193,78,11990,8271,304,1.0928766229878628,0.21377040003426373
abrupto,2017,"(8, 40)",A* (h1),2318.024161153193,78,3774,1884,497,1.073932918395542,0.043400000082328916
abrupto,2017,"(8, 40)",A* (h2),2318.024161153193,78,2723,1408,482,1.0684953562679986,0.03757539996877313
abrupto,2017,"(94, 4)",UCS,1765.1342751263921,66,8924,5999,304,1.108011913212564,0.13669049995951355
abrupto,2017,"(94, 4)",A* (h1),1765.1342751263921,66,1948,1068,242,1.0779566529038702,0.02386890002526343
abrupto,2017,"(94, 4)",A* (h2),1765.1342751263921,66,1558,781,281,1.0734483704395257,0.0177392999175936
abrupto,2017,"(83, 94)",UCS,670.1879204146832,24,2271,1465,190,1.2978852968262453,0.033984600100666285
abrupto,2017,"(83, 94)",A* (h1),670.1879204146832,24,381,200,108,1.1866427440977438,0.004570599878206849
abrupto,2017,"(83, 94)",A* (h2),670.1879204146832,24,311,160,88,1.1739351349188483,0.003712099976837635
abrupto,2017,"(81, 22)",UCS,1252.3138322403695,48,5287,3566,212,1.1452357604196122,0.07843439979478717
abrupto,2017,"(81, 22)",A* (h1),1252.3138322403695,48,816,446,174,1.092560531650713,0.010160600068047643
abrupto,2017,"(81, 22)",A* (h2),1252.3138322403695,48,610,302,204,1.0841074999186175,0.0070668000262230635
abrupto,2017,"(53, 35)",UCS,1564.8751038942826,42,7342,4960,277,1.1822723542610594,0.10866030002944171
abrupto,2017,"(53, 35)",A* (h1),1564.8751038942826,42,2703,1478,317,1.149924878053239,0.034378499956801534
abrupto,2017,"(53, 35)",A* (h2),1564.8751038942826,42,2405,1303,298,1.1461325646518103,0.029105499852448702
abrupto,2017,"(42, 50)",UCS,1611.2566393960558,50,7724,5200,296,1.1480884536103273,0.11449950002133846
abrupto,2017,"(42, 50)",A* (h1),1611.2566393960558,50,3226,1694,348,1.1248690783578792,0.037427400005981326
abrupto,2017,"(42, 50)",A* (h2),1611.2566393960558,50,2999,1553,341,1.1229189334838654,0.03756899992004037
abrupto,2017,"(45, 22)",UCS,2074.180711867514,69,10844,7426,304,1.105914906097352,0.16363890003412962
abrupto,2017,"(45, 22)",A* (h1),2074.180711867514,69,5128,2826,460,1.0919597636153746,0.062374599976465106
abrupto,2017,"(45, 22)",A* (h2),2074.180711867514,69,4761,2578,499,1.0905674618445724,0.05999630014412105
abrupto,2018,"(90, 95)",UCS,427.38938390777014,13,1296,759,161,1.6109534093862914,0.018735499819740653
abrupto,2018,"(90, 95)",A* (h1),427.38938390777014,13,175,65,90,1.3406969282755046,0.001457700040191412
abrupto,2018,"(90, 95)",A* (h2),427.38938390777014,13,124,48,67,1.2959750798787373,0.0010881000198423862
abrupto,2018,"(8, 96)",UCS,1910.635686470384,71,8649,5866,300,1.0982217843051387,0.12637110007926822
abrupto,2018,"(8, 96)",A* (h1),1910.635686470384,71,2240,1114,379,1.0735611730540993,0.02552080014720559
abrupto,2018,"(8, 96)",A* (h2),1910.635686470384,71,1667,774,401,1.0680490051753702,0.018098300090059638
abrupto,2018,"(13, 63)",UCS,1907.4133599519596,66,8624,5847,300,1.1073448753226491,0.12638789997436106
abrupto,2018,"(13, 63)",A* (h1),1907.4133599519596,66,2891,1521,373,1.0858482357217003,0.038310700096189976
abrupto,2018,"(13, 63)",A* (h2),1907.4133599519596,66,2654,1184,430,1.0841453230377212,0.03138919989578426
abrupto,2018,"(99, 17)",UCS,2642.419538610791,86,12733,8830,306,1.0833957973332202,0.19260940002277493
abrupto,2018,"(99, 17)",A* (h1),2642.419538610791,86,5875,3585,396,1.0720139987263728,0.07888679997995496
abrupto,2018,"(99, 17)",A* (h2),2642.419538610791,86,5797,3364,418,1.0718165124983483,0.07479019998572767
abrupto,2018,"(23, 49)",UCS,1812.7395553353883,56,7961,5405,288,1.129453535950566,0.11844799993559718
abrupto,2018,"(23, 49)",A* (h1),1812.7395553353883,56,3231,1406,432,1.1082854339661237,0.0340405001770705
abrupto,2018,"(23, 49)",A* (h2),1812.7395553353883,56,2572,1106,430,1.102887124210024,0.02742089983075857
abrupto,2018,"(17, 53)",UCS,1904.5805795502163,62,8606,5834,300,1.1158481792446437,0.14969680015929043
abrupto,2018,"(17, 53)",A* (h1),1904.5805795502163,62,3263,1554,438,1.0954724098475623,0.04482249985449016
abrupto,2018,"(17, 53)",A* (h2),1904.5805795502163,62,2883,1272,475,1.0928463512389575,0.038179200142621994
abrupto,2018,"(29, 89)",UCS,1378.7400218647035,50,5019,3442,199,1.1366433039812247,0.09058129996992648
abrupto,2018,"(29, 89)",A* (h1),1378.7400218647035,50,1621,784,276,1.106382057203671,0.025652100099250674
abrupto,2018,"(29, 89)",A* (h2),1378.7400218647035,50,1248,581,232,1.0992826947281755,0.015995100140571594
abrupto,2018,"(48, 67)",UCS,978.7978658530151,31,3361,2265,161,1.2312531245266858,0.06328200013376772
abrupto,2018,"(48, 67)",A* (h1),978.7978658530151,31,1019,442,235,1.1763278123740721,0.011137100169435143
abrupto,2018,"(48, 67)",A* (h2),978.7978658530151,31,905,365,238,1.170852565933835,0.01040669996291399
abrupto,2019,"(44, 14)",UCS,770.9518166501038,26,2609,1646,260,1.276002174059787,0.03450639988295734
abrupto,2019,"(44, 14)",A* (h1),770.9518166501038,26,374,203,116,1.1658741884141046,0.005002100020647049
abrupto,2019,"(44, 14)",A* (h2),770.9518166501038,26,347,171,119,1.1615887068626063,0.004223400028422475
abrupto,2019,"(50, 6)",UCS,958.7310000859612,34,4207,2722,360,1.2146873151756206,0.07487759995274246
abrupto,2019,"(50, 6)",A* (h1),958.7310000859612,34,492,253,174,1.125548703307023,0.006384500069543719
abrupto,2019,"(50, 6)",A* (h2),958.7310000859612,34,419,177,161,1.1187329628737093,0.005660899914801121
abrupto,2019,"(96, 90)",UCS,2172.42485093519,71,12972,9160,400,1.1055142412229846,0.3053347999230027
abrupto,2019,"(96, 90)",A* (h1),2172.42485093519,71,2895,1427,434,1.0783028003617443,0.03247500001452863
abrupto,2019,"(96, 90)",A* (h2),2172.42485093519,71,2227,1072,433,1.0734527041093065,0.025479699950665236
abrupto,2019,"(30, 54)",UCS,606.1428391598481,14,1668,1036,161,1.58184260346349,0.022403100039809942
abrupto,2019,"(30, 54)",A* (h1),606.1428391598481,14,375,196,95,1.3963800891158251,0.0044248998165130615
abrupto,2019,"(30, 54)",A* (h2),606.1428391598481,14,348,177,96,1.3873787314852954,0.004024200141429901
abrupto,2019,"(38, 68)",UCS,1213.6054503323562,32,6753,4539,400,1.2530498631032787,0.09680439997464418
abrupto,2019,"(38, 68)",A* (h1),1213.6054503323562,32,1786,1030,232,1.1939788772807094,0.022078400012105703
abrupto,2019,"(38, 68)",A* (h2),1213.6054503323562,32,1716,948,269,1.1922061706104108,0.021262400085106492
abrupto,2019,"(32, 22)",UCS,929.7662562455965,26,3922,2531,349,1.2992774600303887,0.05211569997482002
abrupto,2019,"(32, 22)",A* (h1),929.7662562455965,26,962,577,176,1.219467913912688,0.011803100118413568
abrupto,2019,"(32, 22)",A* (h2),929.7662562455965,26,894,523,169,1.215323262758102,0.011120400158688426
abrupto,2019,"(14, 56)",UCS,883.4151934599021,26,3498,2250,315,1.2927296043698777,0.04621289996430278
abrupto,2019,"(14, 56)",A* (h1),883.4151934599021,26,542,229,218,1.1869913608647202,0.005268600070849061
abrupto,2019,"(14, 56)",A* (h2),883.4151934599021,26,421,167,195,1.1726277231702618,0.004049800103530288
abrupto,2019,"(33, 92)",UCS,1793.0430081765328,54,11421,7962,400,1.144162319572517,0.16890659998171031
abrupto,2019,"(33, 92)",A* (h1),1793.0430081765328,54,2946,1577,410,1.1110913052518256,0.032868599984794855
abrupto,2019,"(33, 92)",A* (h2),1793.0430081765328,54,2541,1307,488,1.1074485443550826,0.027633899822831154
abrupto,2020,"(3, 96)",UCS,2698.828760626231,75,14173,9608,324,1.1002309761158204,0.20879890001378953
abrupto,2020,"(3, 96)",A* (h1),2698.828760626231,75,4134,1773,592,1.07922690969099,0.044876499800011516
abrupto,2020,"(3, 96)",A* (h2),2698.828760626231,75,3007,1259,588,1.0737185746369744,0.02961129997856915
abrupto,2020,"(71, 86)",UCS,1796.364161192153,60,9867,6468,324,1.1235621169575936,0.1458373002242297
abrupto,2020,"(71, 86)",A* (h1),1796.364161192153,60,3663,1755,403,1.1020261150876847,0.04088330012746155
abrupto,2020,"(71, 86)",A* (h2),1796.364161192153,60,3202,1517,403,1.0990792843607635,0.035904499934986234
abrupto,2020,"(47, 10)",UCS,910.1719209638833,29,4291,2849,272,1.2642461580395141,0.06465840013697743
abrupto,2020,"(47, 10)",A* (h1),910.1719209638833,29,738,331,245,1.1765426075391412,0.007693800143897533
abrupto,2020,"(47, 10)",A* (h2),910.1719209638833,29,624,262,307,1.168154697137466,0.006218499969691038
abrupto,2020,"(86, 28)",UCS,277.92409504120934,10,514,285,113,1.7102076148519978,0.006285700015723705
abrupto,2020,"(86, 28)",A* (h1),277.92409504120934,10,73,31,40,1.345900212862783,0.0007060000207275152
abrupto,2020,"(86, 28)",A* (h2),277.92409504120934,10,75,28,42,1.3507235118509118,0.0006448999047279358
abrupto,2020,"(68, 57)",UCS,854.2136847422362,31,3970,2628,272,1.2389325421647532,0.05959469988010824
abrupto,2020,"(68, 57)",A* (h1),854.2136847422362,31,534,242,168,1.1463833689626513,0.007037699921056628
abrupto,2020,"(68, 57)",A* (h2),854.2136847422362,31,291,121,160,1.117785681707289,0.002872500102967024
abrupto,2020,"(15, 9)",UCS,1722.0561952202115,61,9269,6074,322,1.1197594397158883,0.13475169986486435
abrupto,2020,"(15, 9)",A* (h1),1722.0561952202115,61,2003,1174,347,1.086871596104071,0.02841389994136989
abrupto,2020,"(15, 9)",A* (h2),1722.0561952202115,61,1810,912,477,1.0846584931143033,0.025611600140109658
abrupto,2020,"(72, 2)",UCS,683.6487121761138,24,2841,1790,268,1.3119664733700342,0.03970530000515282
abrupto,2020,"(72, 2)",A* (h1),683.6487121761138,24,254,112,85,1.1611999517836826,0.002493400126695633
abrupto,2020,"(72, 2)",A* (h2),683.6487121761138,24,197,85,84,1.1450970618508811,0.0018914001993834972
abrupto,2020,"(51, 56)",UCS,1059.3224570662,30,5022,3370,272,1.2605210629527888,0.0754885000642389
abrupto,2020,"(51, 56)",A* (h1),1059.3224570662,30,1064,432,289,1.186223052983987,0.010148599976673722
abrupto,2020,"(51, 56)",A* (h2),1059.3224570662,30,824,318,286,1.173975898394337,0.007565399864688516
abrupto,2021,"(50, 1)",UCS,860.9235765307075,28,2629,1845,157,1.2509592395619071,0.040239499881863594
abrupto,2021,"(50, 1)",A* (h1),860.9235765307075,28,614,322,155,1.1755000564316493,0.009548000060021877
abrupto,2021,"(50, 1)",A* (h2),860.9235765307075,28,526,264,172,1.1674332191243155,0.006279099965468049
abrupto,2021,"(59, 57)",UCS,1341.742135857473,45,4639,3314,189,1.1535229596749195,0.07322639995254576
abrupto,2021,"(59, 57)",A* (h1),1341.742135857473,45,1434,767,247,1.1181878703807504,0.017852599965408444
abrupto,2021,"(59, 57)",A* (h2),1341.742135857473,45,1284,618,360,1.1148271919432795,0.014914199942722917
abrupto,2021,"(52, 33)",UCS,1372.8099940230336,35,4802,3437,194,1.2121927917425017,0.0745949000120163
abrupto,2021,"(52, 33)",A* (h1),1372.8099940230336,35,2615,1384,227,1.187918738515493,0.03150430019013584
abrupto,2021,"(52, 33)",A* (h2),1372.8099940230336,35,2377,1294,225,1.18410813093416,0.030097699956968427
abrupto,2021,"(75, 79)",UCS,1738.636408632003,67,7160,5072,292,1.1018119878057135,0.11138080013915896
abrupto,2021,"(75, 79)",A* (h1),1738.636408632003,67,1716,991,309,1.0739473655345377,0.02284180000424385
abrupto,2021,"(75, 79)",A* (h2),1738.636408632003,67,1335,734,276,1.0689315690222347,0.019264499889686704
abrupto,2021,"(75, 85)",UCS,1973.8279941790202,73,8802,6289,294,1.0952492473815942,0.13744529988616705
abrupto,2021,"(75, 85)",A* (h1),1973.8279941790202,73,2856,1676,370,1.0753569846935571,0.03985790000297129
abrupto,2021,"(75, 85)",A* (h2),1973.8279941790202,73,2376,1314,385,1.0720543410118997,0.03248940012417734
abrupto,2021,"(94, 14)",UCS,415.25161434533715,16,1027,688,130,1.4312777835820356,0.015426400117576122
abrupto,2021,"(94, 14)",A* (h1),415.25161434533715,16,147,63,60,1.233191232279127,0.0014863000251352787
abrupto,2021,"(94, 14)",A* (h2),415.25161434533715,16,114,45,65,1.2074568173867188,0.0010604001581668854
abrupto,2021,"(32, 26)",UCS,1618.499390042526,47,6310,4513,259,1.1541385589442856,0.10185410012491047
abrupto,2021,"(32, 26)",A* (h1),1618.499390042526,47,2403,1342,266,1.1265775062291046,0.02875439985655248
abrupto,2021,"(32, 26)",A* (h2),1618.499390042526,47,2178,1195,264,1.1237541360661123,0.02653809986077249
abrupto,2021,"(66, 42)",UCS,878.6949500473044,30,2689,1889,157,1.230547494574377,0.04065850004553795
abrupto,2021,"(66, 42)",A* (h1),878.6949500473044,30,644,319,202,1.1621290954810646,0.0071715000085532665
abrupto,2021,"(66, 42)",A* (h2),878.6949500473044,30,475,232,180,1.1474213997911775,0.005263700149953365
abrupto,2022,"(75, 3)",UCS,1725.580530895888,55,7377,4855,289,1.1305430875502926,0.10578219988383353
abrupto,2022,"(75, 3)",A* (h1),1725.580530895888,55,1976,973,341,1.0988741319842932,0.022954100044444203
abrupto,2022,"(75, 3)",A* (h2),1725.580530895888,55,1816,855,456,1.0968177392202918,0.01923880004324019
abrupto,2022,"(24, 78)",UCS,2292.2744630008456,68,10446,7032,289,1.1071104326632053,0.15937360003590584
abrupto,2022,"(24, 78)",A* (h1),2292.2744630008456,68,5016,2671,437,1.0932188101778162,0.060757100116461515
abrupto,2022,"(24, 78)",A* (h2),2292.2744630008456,68,4522,2349,478,1.091243085122436,0.05428320006467402
abrupto,2022,"(5, 91)",UCS,3491.650094676496,102,13681,9499,289,1.0687394231634795,0.21167310001328588
abrupto,2022,"(5, 91)",A* (h1),3491.650094676496,102,11325,6055,514,1.0664285963536102,0.14309410005807877
abrupto,2022,"(5, 91)",A* (h2),3491.650094676496,102,11133,5822,558,1.066218797911588,0.13633920019492507
abrupto,2022,"(93, 44)",UCS,470.539730979563,14,728,446,117,1.477339870564641,0.009238000027835369
abrupto,2022,"(93, 44)",A* (h1),470.539730979563,14,96,42,48,1.234192503777313,0.0007009000983089209
abrupto,2022,"(93, 44)",A* (h2),470.539730979563,14,84,38,44,1.2183227554252332,0.0006245998665690422
abrupto,2022,"(9, 18)",UCS,2725.0369627419054,83,12512,8574,289,1.0867882963003228,0.19202539999969304
abrupto,2022,"(9, 18)",A* (h1),2725.0369627419054,83,4775,2238,639,1.0720429437816454,0.055679399985820055
abrupto,2022,"(9, 18)",A* (h2),2725.0369627419054,83,3491,1665,643,1.0671827364725606,0.04012920008972287
abrupto,2022,"(61, 21)",UCS,1889.3010777366392,53,8168,5379,289,1.1391847374381578,0.12028439994901419
abrupto,2022,"(61, 21)",A* (h1),1889.3010777366392,53,3886,2092,339,1.1206831043614565,0.04690729989670217
abrupto,2022,"(61, 21)",A* (h2),1889.3010777366392,53,3818,1971,357,1.120241543069328,0.04327189992181957
abrupto,2022,"(18, 64)",UCS,2219.2434529302373,74,10088,6749,289,1.0960292011756623,0.15081499982625246
abrupto,2022,"(18, 64)",A* (h1),2219.2434529302373,74,3557,1828,461,1.0779321664312451,0.04240500018931925
abrupto,2022,"(18, 64)",A* (h2),2219.2434529302373,74,2777,1441,467,1.073575251784172,0.0332973999902606
abrupto,2022,"(70, 72)",UCS,779.7352807326863,22,1884,1207,160,1.3212478856294325,0.028312199981883168
abrupto,2022,"(70, 72)",A* (h1),779.7352807326863,22,403,188,139,1.2145942251049286,0.00417400011792779
abrupto,2022,"(70, 72)",A* (h2),779.7352807326863,22,312,160,113,1.1969134102166539,0.0034131999127566814
abrupto,2023,"(22, 21)",UCS,2463.5609106113234,76,12550,8571,308,1.0966102545938892,0.18300849990919232
abrupto,2023,"(22, 21)",A* (h1),2463.5609106113234,76,5813,3490,449,1.08370095453151,0.07354849996045232
abrupto,2023,"(22, 21)",A* (h2),2463.5609106113234,76,5260,3152,417,1.0820117499344133,0.06757099996320903
abrupto,2023,"(11, 65)",UCS,2354.569145444255,68,11994,8177,308,1.1097135408719008,0.17330519994720817
abrupto,2023,"(11, 65)",A* (h1),2354.569145444255,68,5965,3266,441,1.096512869700844,0.07157339993864298
abrupto,2023,"(11, 65)",A* (h2),2354.569145444255,68,5455,2930,485,1.0948147321226824,0.06478750007227063
abrupto,2023,"(60, 4)",UCS,1568.7277324580664,49,8349,5680,308,1.1539502956248218,0.12049100012518466
abrupto,2023,"(60, 4)",A* (h1),1568.7277324580664,49,1923,1062,279,1.1139109036914427,0.023430800065398216
abrupto,2023,"(60, 4)",A* (h2),1568.7277324580664,49,1795,897,332,1.1120129087745574,0.02000180003233254
abrupto,2023,"(9, 21)",UCS,2731.5359830837633,89,13409,9244,308,1.0807388499269854,0.1947522999253124
abrupto,2023,"(9, 21)",A* (h1),2731.5359830837633,89,6278,3702,528,1.0699791430822618,0.07927069999277592
abrupto,2023,"(9, 21)",A* (h2),2731.5359830837633,89,5624,3248,482,1.068406225111096,0.06932969996705651
abrupto,2023,"(44, 10)",UCS,1863.5703770175244,54,9573,6547,308,1.1398727730964338,0.1398295999970287
abrupto,2023,"(44, 10)",A* (h1),1863.5703770175244,54,3086,1900,306,1.1122331888869754,0.040180400013923645
abrupto,2023,"(44, 10)",A* (h2),1863.5703770175244,54,2928,1687,369,1.1109406421549277,0.036969499895349145
abrupto,2023,"(47, 18)",UCS,1664.2247519678692,51,8824,6013,308,1.1479567379513487,0.12798569980077446
abrupto,2023,"(47, 18)",A* (h1),1664.2247519678692,51,2757,1692,287,1.1176779974089974,0.037267599953338504
abrupto,2023,"(47, 18)",A* (h2),1664.2247519678692,51,2606,1535,293,1.1162016195262296,0.033369299955666065
abrupto,2023,"(29, 74)",UCS,1596.769391217092,49,8499,5785,308,1.154432893117519,0.12758329999633133
abrupto,2023,"(29, 74)",A* (h1),1596.769391217092,49,1856,920,298,1.1129340445076346,0.01941800001077354
abrupto,2023,"(29, 74)",A* (h2),1596.769391217092,49,1549,720,303,1.107941014259708,0.01514520007185638
abrupto,2023,"(15, 92)",UCS,2030.4838269285265,64,10272,7021,308,1.1149934626803522,0.1489337000530213
abrupto,2023,"(15, 92)",A* (h1),2030.4838269285265,64,2580,1221,365,1.086911605654381,0.027123099891468883
abrupto,2023,"(15, 92)",A* (h2),2030.4838269285265,64,1943,842,634,1.0810503302484444,0.01992190000601113
abrupto,2024,"(67, 72)",UCS,1671.2817815465983,49,6821,4573,258,1.1484656109566505,0.09906419995240867
abrupto,2024,"(67, 72)",A* (h1),1671.2817815465983,49,1480,777,214,1.1066786943354563,0.01735120010562241
abrupto,2024,"(67, 72)",A* (h2),1671.2817815465983,49,1297,662,202,1.1030157096013018,0.013592200120911002
abrupto,2024,"(9, 32)",UCS,2032.733129084333,61,9346,6302,295,1.1199354636164567,0.1420351997949183
abrupto,2024,"(9, 32)",A* (h1),2032.733129084333,61,2641,1471,355,1.0928780070820125,0.031831700121983886
abrupto,2024,"(9, 32)",A* (h2),2032.733129084333,61,2382,1272,392,1.090640807145213,0.02932959981262684
abrupto,2024,"(32, 8)",UCS,1290.337373259763,38,4452,3036,258,1.1884512093440684,0.06444089999422431
abrupto,2024,"(32, 8)",A* (h1),1290.337373259763,38,736,361,254,1.1227190122942714,0.0077263000421226025
abrupto,2024,"(32, 8)",A* (h2),1290.337373259763,38,617,267,290,1.1161626227892683,0.005695500178262591
abrupto,2024,"(21, 38)",UCS,1827.9398231824744,49,7853,5289,258,1.1522887963181316,0.11565950000658631
abrupto,2024,"(21, 38)",A* (h1),1827.9398231824744,49,2535,1324,330,1.121499782614742,0.029568800004199147
abrupto,2024,"(21, 38)",A* (h2),1827.9398231824744,49,2372,1184,377,1.1196778186082084,0.026159200118854642
abrupto,2024,"(31, 26)",UCS,1355.410811759157,39,4845,3323,258,1.185342019510343,0.0706080999225378
abrupto,2024,"(31, 26)",A* (h1),1355.410811759157,39,1031,540,254,1.1306046397661476,0.01093699992634356
abrupto,2024,"(31, 26)",A* (h2),1355.410811759157,39,796,404,228,1.1213317151230744,0.008119999896734953
abrupto,2024,"(24, 9)",UCS,1478.918238226906,46,5541,3788,258,1.154534452892808,0.08250640006735921
abrupto,2024,"(24, 9)",A* (h1),1478.918238226906,46,925,461,280,1.1017755563490172,0.00987800001166761
abrupto,2024,"(24, 9)",A* (h2),1478.918238226906,46,785,354,352,1.096830614346532,0.007737800013273954
abrupto,2024,"(91, 1)",UCS,1236.6609049751783,29,4068,2765,252,1.2615742474502478,0.05946859996765852
abrupto,2024,"(91, 1)",A* (h1),1236.6609049751783,29,746,340,207,1.1770804179290049,0.006970799993723631
abrupto,2024,"(91, 1)",A* (h2),1236.6609049751783,29,564,254,199,1.1630898971169255,0.005861000157892704
abrupto,2024,"(80, 17)",UCS,767.9763208402867,18,1400,895,202,1.3942940368338288,0.018182799918577075
abrupto,2024,"(80, 17)",A* (h1),767.9763208402867,18,248,133,81,1.241412407435653,0.002345799934118986
abrupto,2024,"(80, 17)",A* (h2),767.9763208402867,18,217,114,87,1.2297128828869266,0.0019902000203728676
abrupto,2025,"(38, 15)",UCS,684.9635731672219,22,3103,1943,244,1.356268750340035,0.04444679990410805
abrupto,2025,"(38, 15)",A* (h1),684.9635731672219,22,392,153,178,1.2126842155616202,0.004074200056493282
abrupto,2025,"(38, 15)",A* (h2),684.9635731672219,22,321,112,180,1.1988808770055772,0.002734099980443716
abrupto,2025,"(82, 80)",UCS,1332.7281190900073,43,9693,6264,435,1.1857448142004654,0.1412955999840051
abrupto,2025,"(82, 80)",A* (h1),1332.7281190900073,43,1348,579,319,1.1234066167494206,0.01423830003477633
abrupto,2025,"(82, 80)",A* (h2),1332.7281190900073,43,929,412,374,1.111458497396772,0.009787000017240644
abrupto,2025,"(95, 43)",UCS,1113.5693057592634,42,7242,4605,376,1.1818294809597598,0.10350230010226369
abrupto,2025,"(95, 43)",A* (h1),1113.5693057592634,42,836,428,196,1.1115008280089453,0.009977300185710192
abrupto,2025,"(95, 43)",A* (h2),1113.5693057592634,42,622,281,185,1.1016370271413531,0.006589700002223253
abrupto,2025,"(99, 39)",UCS,1186.706021283528,46,8104,5170,425,1.1656171051941626,0.11641499982215464
abrupto,2025,"(99, 39)",A* (h1),1186.706021283528,46,731,369,173,1.0946736008447104,0.00874839979223907
abrupto,2025,"(99, 39)",A* (h2),1186.706021283528,46,514,232,168,1.0839136691591917,0.007157299900427461
abrupto,2025,"(44, 73)",UCS,996.3597582902854,36,5968,3767,354,1.2131518220710285,0.0858035001438111
abrupto,2025,"(44, 73)",A* (h1),996.3597582902854,36,909,418,178,1.1402368288495595,0.009874099865555763
abrupto,2025,"(44, 73)",A* (h2),996.3597582902854,36,716,327,151,1.130878521348682,0.009303400060161948
abrupto,2025,"(99, 22)",UCS,1307.8560944957521,46,9454,6085,435,1.170107697443368,0.1371579000260681
abrupto,2025,"(99, 22)",A* (h1),1307.8560944957521,46,1461,695,295,1.1154127258216255,0.018239500001072884
abrupto,2025,"(99, 22)",A* (h2),1307.8560944957521,46,1144,514,325,1.1081376211734137,0.012163400184363127
abrupto,2025,"(83, 80)",UCS,1342.2177859777785,43,9789,6328,435,1.1860554004055057,0.14334389986470342
abrupto,2025,"(83, 80)",A* (h1),1342.2177859777785,43,1359,570,326,1.123666615646632,0.013771299971267581
abrupto,2025,"(83, 80)",A* (h2),1342.2177859777785,43,916,400,378,1.1110038111292626,0.009505499852821231
abrupto,2025,"(63, 97)",UCS,1679.7816320989948,60,12806,8394,435,1.1291958306564704,0.18636040017008781
abrupto,2025,"(63, 97)",A* (h1),1679.7816320989948,60,2519,1332,287,1.093802533063522,0.032178099965676665
abrupto,2025,"(63, 97)",A* (h2),1679.7816320989948,60,2143,1078,290,1.090230569258693,0.026494799880310893
abrupto,2026,"(84, 97)",UCS,1139.6341195437983,38,5707,3830,344,1.1974677520430506,0.08501400006935
abrupto,2026,"(84, 97)",A* (h1),1139.6341195437983,38,1118,520,237,1.138134303789256,0.012418099911883473
abrupto,2026,"(84, 97)",A* (h2),1139.6341195437983,38,869,412,234,1.1288632420508424,0.010520499898120761
abrupto,2026,"(17, 70)",UCS,814.2157368656232,29,3206,2147,229,1.2496714509520714,0.046884399838745594
abrupto,2026,"(17, 70)",A* (h1),814.2157368656232,29,522,256,170,1.1592063320762966,0.005849499953910708
abrupto,2026,"(17, 70)",A* (h2),814.2157368656232,29,546,207,249,1.1614637373288095,0.00493339984677732
abrupto,2026,"(36, 86)",UCS,355.58419608388215,12,762,458,133,1.6026718667490245,0.010363300098106265
abrupto,2026,"(36, 86)",A* (h1),355.58419608388215,12,132,50,60,1.343124115231956,0.0010697999969124794
abrupto,2026,"(36, 86)",A* (h2),355.58419608388215,12,90,37,48,1.2883985772936435,0.0008680999744683504
abrupto,2026,"(7, 89)",UCS,1101.124208584834,39,5342,3611,320,1.1887828587442457,0.08176810014992952
abrupto,2026,"(7, 89)",A* (h1),1101.124208584834,39,947,470,277,1.1275650348411694,0.010832400061190128
abrupto,2026,"(7, 89)",A* (h2),1101.124208584834,39,773,345,297,1.1202765117082882,0.00788390007801354
abrupto,2026,"(63, 8)",UCS,2445.8027801211806,75,13495,8903,378,1.0994020945431888,0.19769830000586808
abrupto,2026,"(63, 8)",A* (h1),2445.8027801211806,75,6095,3114,644,1.0858912477435074,0.06830289983190596
abrupto,2026,"(63, 8)",A* (h2),2445.8027801211806,75,5326,2683,622,1.083581837318643,0.061845799908041954
abrupto,2026,"(36, 36)",UCS,1370.5868655777795,43,7745,5123,378,1.1786789517552858,0.11250990000553429
abrupto,2026,"(36, 36)",A* (h1),1370.5868655777795,43,1779,856,286,1.1322462840099456,0.01942619984038174
abrupto,2026,"(36, 36)",A* (h2),1370.5868655777795,43,1547,722,277,1.1278002710057398,0.016390900127589703
abrupto,2026,"(2, 54)",UCS,1358.7647142501169,44,7664,5073,378,1.1733125170786103,0.11068389983847737
abrupto,2026,"(2, 54)",A* (h1),1358.7647142501169,44,1644,705,345,1.1259382348018114,0.016415700083598495
abrupto,2026,"(2, 54)",A* (h2),1358.7647142501169,44,1365,570,403,1.1201546789767693,0.014855199959129095
abrupto,2026,"(46, 35)",UCS,1549.10773404607,47,8639,5770,378,1.1630746114078478,0.12755730003118515
abrupto,2026,"(46, 35)",A* (h1),1549.10773404607,47,2796,1423,333,1.13091986537261,0.03144509997218847
abrupto,2026,"(46, 35)",A* (h2),1549.10773404607,47,2538,1270,331,1.1281459373184144,0.02936310018412769
abrupto,2027,"(0, 78)",UCS,2901.222500025836,81,13047,9120,260,1.0900416859359758,0.21227330015972257
abrupto,2027,"(0, 78)",A* (h1),2901.222500025836,81,7371,3891,382,1.081109672101909,0.08506640000268817
abrupto,2027,"(0, 78)",A* (h2),2901.222500025836,81,6929,3628,454,1.0801374858904984,0.10870159999467432
abrupto,2027,"(8, 18)",UCS,1005.0525883970438,32,2988,1949,200,1.21678734362091,0.06542139989323914
abrupto,2027,"(8, 18)",A* (h1),1005.0525883970438,32,756,406,202,1.1557619137106439,0.010601399932056665
abrupto,2027,"(8, 18)",A* (h2),1005.0525883970438,32,599,321,208,1.1453337153106267,0.015353400027379394
abrupto,2027,"(62, 99)",UCS,2850.406959905488,94,12876,8978,260,1.075045367883388,0.2933372000698
abrupto,2027,"(62, 99)",A* (h1),2850.406959905488,94,4611,2579,542,1.0612419886352766,0.10833850014023483
abrupto,2027,"(62, 99)",A* (h2),2850.406959905488,94,3836,2073,551,1.0587318524709464,0.09104610001668334
abrupto,2027,"(14, 86)",UCS,2753.9400655006257,81,12455,8641,260,1.0893180291922717,0.22133559989742935
abrupto,2027,"(14, 86)",A* (h1),2753.9400655006257,81,6646,3514,610,1.0794811728189369,0.07983399997465312
abrupto,2027,"(14, 86)",A* (h2),2753.9400655006257,81,5917,2977,673,1.0776500458023686,0.06890730001032352
abrupto,2027,"(47, 76)",UCS,2167.6252949222862,71,9202,6395,260,1.0993388589875797,0.1433204000350088
abrupto,2027,"(47, 76)",A* (h1),2167.6252949222862,71,2875,1627,355,1.0781755398870194,0.036421600030735135
abrupto,2027,"(47, 76)",A* (h2),2167.6252949222862,71,2342,1274,321,1.0743866825156356,0.030069800093770027
abrupto,2027,"(28, 35)",UCS,1050.5630256463025,30,3249,2113,222,1.2396074959216792,0.045828500064089894
abrupto,2027,"(28, 35)",A* (h1),1050.5630256463025,30,1082,571,225,1.1870263417768845,0.012656700098887086
abrupto,2027,"(28, 35)",A* (h2),1050.5630256463025,30,993,500,237,1.1829173746533006,0.011363199912011623
abrupto,2027,"(38, 61)",UCS,1868.3654134047365,56,7429,5146,260,1.1278368282216005,0.1123599000275135
abrupto,2027,"(38, 61)",A* (h1),1868.3654134047365,56,2978,1643,322,1.10635864778612,0.03830830007791519
abrupto,2027,"(38, 61)",A* (h2),1868.3654134047365,56,2616,1437,327,1.1032894878776824,0.033126499969512224
abrupto,2027,"(49, 73)",UCS,2082.7174889274684,68,8730,6061,260,1.1037238761689712,0.13441789988428354
abrupto,2027,"(49, 73)",A* (h1),2082.7174889274684,68,2595,1479,327,1.0805852261477478,0.03217140003107488
abrupto,2027,"(49, 73)",A* (h2),2082.7174889274684,68,2161,1178,321,1.0770391198553053,0.026906999992206693
abrupto,2028,"(56, 50)",UCS,2299.9515918958723,50,4509,3131,196,1.1337937411853884,0.06728560011833906
abrupto,2028,"(56, 50)",A* (h1),2299.9515918958723,50,1249,749,179,1.099304612357671,0.014385899994522333
abrupto,2028,"(56, 50)",A* (h2),2299.9515918958723,50,1098,675,209,1.0957859350868824,0.012878000037744641
abrupto,2028,"(59, 14)",UCS,3255.9469810095015,86,11072,7578,270,1.0813502063166116,0.16648570005781949
abrupto,2028,"(59, 14)",A* (h1),3255.9469810095015,86,3911,2245,507,1.0659523685924808,0.05202770000323653
abrupto,2028,"(59, 14)",A* (h2),3255.9469810095015,86,3136,1687,539,1.0626345866834144,0.03776159998960793
abrupto,2028,"(35, 58)",UCS,2426.2585336186776,51,5199,3602,200,1.1342262439357895,0.07719810004346073
abrupto,2028,"(35, 58)",A* (h1),2426.2585336186776,51,1320,740,281,1.0982361028885514,0.014401799999177456
abrupto,2028,"(35, 58)",A* (h2),2426.2585336186776,51,1088,643,196,1.0930708069530035,0.012448999797925353
abrupto,2028,"(23, 29)",UCS,3328.900767026719,75,11516,7877,270,1.0967170091775018,0.17687540012411773
abrupto,2028,"(23, 29)",A* (h1),3328.900767026719,75,5368,2535,579,1.0837165188189835,0.06029489985667169
abrupto,2028,"(23, 29)",A* (h2),3328.900767026719,75,4711,2138,865,1.081475271758003,0.04926230013370514
abrupto,2028,"(33, 22)",UCS,3268.807427064525,78,11143,7627,270,1.0916867862653157,0.1720134001225233
abrupto,2028,"(33, 22)",A* (h1),3268.807427064525,78,4107,2056,535,1.075333733925326,0.047631500056013465
abrupto,2028,"(33, 22)",A* (h2),3268.807427064525,78,3618,1793,896,1.0732327668977053,0.040807300014421344
abrupto,2028,"(38, 56)",UCS,2407.4998828622247,51,5085,3526,196,1.1336497194156654,0.07805140013806522
abrupto,2028,"(38, 56)",A* (h1),2407.4998828622247,51,1309,729,279,1.0980136391874604,0.014151199953630567
abrupto,2028,"(38, 56)",A* (h2),2407.4998828622247,51,1099,639,247,1.0933405579898587,0.013606599997729063
abrupto,2028,"(73, 83)",UCS,285.14152674670015,6,315,156,94,2.3832702387869444,0.003476700047031045
abrupto,2028,"(73, 83)",A* (h1),285.14152674670015,6,125,51,57,1.993726822873116,0.001157799968495965
abrupto,2028,"(73, 83)",A* (h2),285.14152674670015,6,118,48,57,1.9710627533939702,0.0011142999865114689
abrupto,2028,"(98, 53)",UCS,2166.7342467258204,49,3785,2615,189,1.1324522801097747,0.05635540001094341
abrupto,2028,"(98, 53)",A* (h1),2166.7342467258204,49,1378,773,199,1.1046987054940556,0.015364899998530746
abrupto,2028,"(98, 53)",A* (h2),2166.7342467258204,49,1247,725,216,1.101921881468357,0.01462800009176135
abrupto,2029,"(41, 83)",UCS,842.1826809051466,26,4159,2646,359,1.3026399600283485,0.059961099876090884
abrupto,2029,"(41, 83)",A* (h1),842.1826809051466,26,652,275,201,1.1974652502184822,0.00653280015103519
abrupto,2029,"(41, 83)",A* (h2),842.1826809051466,26,528,221,221,1.185506416080977,0.005388899939134717
abrupto,2029,"(28, 32)",UCS,1573.882205434211,41,9204,6161,367,1.195368356656887,0.1376531000714749
abrupto,2029,"(28, 32)",A* (h1),1573.882205434211,41,2612,1213,379,1.1534557348138526,0.028302100021392107
abrupto,2029,"(28, 32)",A* (h2),1573.882205434211,41,2239,1029,354,1.1483137914343957,0.0237444001249969
abrupto,2029,"(3, 3)",UCS,2596.685334696343,73,14208,9636,367,1.1036051224233163,0.2154296999797225
abrupto,2029,"(3, 3)",A* (h1),2596.685334696343,73,4999,2394,617,1.0853067138733863,0.05509050004184246
abrupto,2029,"(3, 3)",A* (h2),2596.685334696343,73,3861,1792,509,1.0807320489581742,0.04405150003731251
abrupto,2029,"(27, 97)",UCS,1367.671926451335,40,7785,5225,367,1.1957489479314845,0.11614569998346269
abrupto,2029,"(27, 97)",A* (h1),1367.671926451335,40,1447,628,316,1.1380545968426885,0.016018599970266223
abrupto,2029,"(27, 97)",A* (h2),1367.671926451335,40,1073,474,297,1.1277006956091777,0.011458899825811386
abrupto,2029,"(75, 2)",UCS,1994.0764153933594,63,12640,8383,367,1.1214738769398147,0.18624079995788634
abrupto,2029,"(75, 2)",A* (h1),1994.0764153933594,63,3745,2038,410,1.0964344190552047,0.045544999884441495
abrupto,2029,"(75, 2)",A* (h2),1994.0764153933594,63,3136,1689,376,1.0927428890379511,0.039039500057697296
abrupto,2029,"(13, 38)",UCS,2065.6266374926868,58,13024,8700,367,1.1350295767498022,0.19448100007139146
abrupto,2029,"(13, 38)",A* (h1),2065.6266374926868,58,5117,2633,470,1.1140230681005274,0.059682299848645926
abrupto,2029,"(13, 38)",A* (h2),2065.6266374926868,58,4683,2397,488,1.1120199500820453,0.057821499882265925
abrupto,2029,"(3, 99)",UCS,1967.016803521665,64,12442,8243,367,1.1188507387865663,0.18252269993536174
abrupto,2029,"(3, 99)",A* (h1),1967.016803521665,64,2748,1318,443,1.0882098485861356,0.03361029992811382
abrupto,2029,"(3, 99)",A* (h2),1967.016803521665,64,1939,907,420,1.0810068124358463,0.02178470022045076
abrupto,2029,"(79, 93)",UCS,843.6107473020122,28,4169,2652,359,1.274993777148128,0.060204700101166964
abrupto,2029,"(79, 93)",A* (h1),843.6107473020122,28,670,303,187,1.1800428390421058,0.00716850021854043
abrupto,2029,"(79, 93)",A* (h2),843.6107473020122,28,465,247,141,1.1609889806452371,0.005725599825382233
